Date,Symbol,Close
27-02-2025,TCS.NS,3612.550049
28-02-2025,TCS.NS,3483.25
03-03-2025,TCS.NS,3493.050049
04-03-2025,TCS.NS,3532.050049
05-03-2025,TCS.NS,3547.050049
06-03-2025,TCS.NS,3601.600098
07-03-2025,TCS.NS,3611.199951
10-03-2025,TCS.NS,3589.649902
11-03-2025,TCS.NS,3575.300049
12-03-2025,TCS.NS,3506.199951
13-03-2025,TCS.NS,3511.050049
17-03-2025,TCS.NS,3497.699951
18-03-2025,TCS.NS,3497.699951
19-03-2025,TCS.NS,3497.100098
20-03-2025,TCS.NS,3563.149902
21-03-2025,TCS.NS,3578.100098
24-03-2025,TCS.NS,3628.949951
25-03-2025,TCS.NS,3657.75
26-03-2025,TCS.NS,3635.800049
27-03-2025,TCS.NS,3651.199951
28-03-2025,TCS.NS,3606.149902
01-04-2025,TCS.NS,3550.800049
02-04-2025,TCS.NS,3543.949951
03-04-2025,TCS.NS,3403.149902
04-04-2025,TCS.NS,3299.399902
07-04-2025,TCS.NS,3274.050049
08-04-2025,TCS.NS,3292.949951
09-04-2025,TCS.NS,3246.600098
11-04-2025,TCS.NS,3231.5
15-04-2025,TCS.NS,3248.199951
16-04-2025,TCS.NS,3273.800049
17-04-2025,TCS.NS,3298.899902
21-04-2025,TCS.NS,3321.600098
22-04-2025,TCS.NS,3314.399902
23-04-2025,TCS.NS,3413
24-04-2025,TCS.NS,3401.600098
25-04-2025,TCS.NS,3448
28-04-2025,TCS.NS,3443.5
29-04-2025,TCS.NS,3472.5
30-04-2025,TCS.NS,3453.699951
02-05-2025,TCS.NS,3431
05-05-2025,TCS.NS,3454.300049
06-05-2025,TCS.NS,3460
07-05-2025,TCS.NS,3445.100098
08-05-2025,TCS.NS,3448.899902
09-05-2025,TCS.NS,3440.300049
12-05-2025,TCS.NS,3620.399902
13-05-2025,TCS.NS,3515
14-05-2025,TCS.NS,3548.699951
15-05-2025,TCS.NS,3579.899902
16-05-2025,TCS.NS,3561.300049
19-05-2025,TCS.NS,3518.800049
20-05-2025,TCS.NS,3498.300049
21-05-2025,TCS.NS,3525.800049
22-05-2025,TCS.NS,3477
23-05-2025,TCS.NS,3514.600098
26-05-2025,TCS.NS,3537.300049
27-05-2025,TCS.NS,3498.699951
28-05-2025,TCS.NS,3497.699951
29-05-2025,TCS.NS,3498.100098
30-05-2025,TCS.NS,3463.399902
02-06-2025,TCS.NS,3449.800049
03-06-2025,TCS.NS,3405.199951
04-06-2025,TCS.NS,3380.899902
05-06-2025,TCS.NS,3371.100098
06-06-2025,TCS.NS,3384.199951
09-06-2025,TCS.NS,3421.899902
10-06-2025,TCS.NS,3462.899902
11-06-2025,TCS.NS,3471.899902
12-06-2025,TCS.NS,3434.199951
13-06-2025,TCS.NS,3445.699951
16-06-2025,TCS.NS,3496.300049
17-06-2025,TCS.NS,3515.300049
18-06-2025,TCS.NS,3451.399902
19-06-2025,TCS.NS,3424
20-06-2025,TCS.NS,3435.699951
23-06-2025,TCS.NS,3393.600098
24-06-2025,TCS.NS,3390.399902
25-06-2025,TCS.NS,3444.800049
26-06-2025,TCS.NS,3441.800049
27-06-2025,TCS.NS,3441.100098
30-06-2025,TCS.NS,3462
01-07-2025,TCS.NS,3429.699951
02-07-2025,TCS.NS,3423.300049
03-07-2025,TCS.NS,3400.800049
04-07-2025,TCS.NS,3419.800049
07-07-2025,TCS.NS,3411.699951
08-07-2025,TCS.NS,3406.199951
09-07-2025,TCS.NS,3383.800049
10-07-2025,TCS.NS,3382
11-07-2025,TCS.NS,3266
14-07-2025,TCS.NS,3222.699951
15-07-2025,TCS.NS,3252.300049
16-07-2025,TCS.NS,3233.100098
17-07-2025,TCS.NS,3209.199951
18-07-2025,TCS.NS,3189.899902
21-07-2025,TCS.NS,3158.199951
22-07-2025,TCS.NS,3159.600098
23-07-2025,TCS.NS,3179.100098
24-07-2025,TCS.NS,3148
25-07-2025,TCS.NS,3135.800049
28-07-2025,TCS.NS,3079.300049
29-07-2025,TCS.NS,3056
30-07-2025,TCS.NS,3053.600098
31-07-2025,TCS.NS,3036.800049
01-08-2025,TCS.NS,3003
04-08-2025,TCS.NS,3074.399902
05-08-2025,TCS.NS,3063.899902
06-08-2025,TCS.NS,3032.300049
07-08-2025,TCS.NS,3047
08-08-2025,TCS.NS,3036.399902
11-08-2025,TCS.NS,3040.800049
12-08-2025,TCS.NS,3035.399902
13-08-2025,TCS.NS,3036.199951
14-08-2025,TCS.NS,3022.300049
18-08-2025,TCS.NS,3011.199951
19-08-2025,TCS.NS,3016.199951
20-08-2025,TCS.NS,3098.600098
21-08-2025,TCS.NS,3102.600098
22-08-2025,TCS.NS,3054
25-08-2025,TCS.NS,3140.600098
26-08-2025,TCS.NS,3157.199951
27-02-2025,INFY.NS,1764.300049
28-02-2025,INFY.NS,1687.699951
03-03-2025,INFY.NS,1708.599976
04-03-2025,INFY.NS,1688.300049
05-03-2025,INFY.NS,1711.5
06-03-2025,INFY.NS,1715.849976
07-03-2025,INFY.NS,1686
10-03-2025,INFY.NS,1701.449951
11-03-2025,INFY.NS,1661.599976
12-03-2025,INFY.NS,1590.849976
13-03-2025,INFY.NS,1579.849976
17-03-2025,INFY.NS,1590.050049
18-03-2025,INFY.NS,1590.050049
19-03-2025,INFY.NS,1586.550049
20-03-2025,INFY.NS,1615.550049
21-03-2025,INFY.NS,1592.550049
24-03-2025,INFY.NS,1592.75
25-03-2025,INFY.NS,1628.449951
26-03-2025,INFY.NS,1599.449951
27-03-2025,INFY.NS,1603.550049
28-03-2025,INFY.NS,1570.650024
01-04-2025,INFY.NS,1526.5
02-04-2025,INFY.NS,1550.150024
03-04-2025,INFY.NS,1496.5
04-04-2025,INFY.NS,1451.650024
07-04-2025,INFY.NS,1396.75
08-04-2025,INFY.NS,1428.800049
09-04-2025,INFY.NS,1403.699951
11-04-2025,INFY.NS,1409.449951
15-04-2025,INFY.NS,1426
16-04-2025,INFY.NS,1413.099976
17-04-2025,INFY.NS,1419.5
21-04-2025,INFY.NS,1451
22-04-2025,INFY.NS,1422.800049
23-04-2025,INFY.NS,1474.900024
24-04-2025,INFY.NS,1471.400024
25-04-2025,INFY.NS,1480.199951
28-04-2025,INFY.NS,1482.099976
29-04-2025,INFY.NS,1497.5
30-04-2025,INFY.NS,1500.099976
02-05-2025,INFY.NS,1506.900024
05-05-2025,INFY.NS,1508.599976
06-05-2025,INFY.NS,1511.5
07-05-2025,INFY.NS,1508.300049
08-05-2025,INFY.NS,1511.400024
09-05-2025,INFY.NS,1507.599976
12-05-2025,INFY.NS,1626.900024
13-05-2025,INFY.NS,1568.599976
14-05-2025,INFY.NS,1592.400024
15-05-2025,INFY.NS,1613
16-05-2025,INFY.NS,1589.900024
19-05-2025,INFY.NS,1559.800049
20-05-2025,INFY.NS,1560.599976
21-05-2025,INFY.NS,1568.5
22-05-2025,INFY.NS,1547.5
23-05-2025,INFY.NS,1564.800049
26-05-2025,INFY.NS,1580.5
27-05-2025,INFY.NS,1570.099976
28-05-2025,INFY.NS,1571.800049
29-05-2025,INFY.NS,1585.599976
30-05-2025,INFY.NS,1562.699951
02-06-2025,INFY.NS,1553.800049
03-06-2025,INFY.NS,1543
04-06-2025,INFY.NS,1551.199951
05-06-2025,INFY.NS,1554.300049
06-06-2025,INFY.NS,1563.800049
09-06-2025,INFY.NS,1572.900024
10-06-2025,INFY.NS,1596
11-06-2025,INFY.NS,1631.099976
12-06-2025,INFY.NS,1608.599976
13-06-2025,INFY.NS,1602
16-06-2025,INFY.NS,1623.800049
17-06-2025,INFY.NS,1639.900024
18-06-2025,INFY.NS,1632.900024
19-06-2025,INFY.NS,1618.400024
20-06-2025,INFY.NS,1622.900024
23-06-2025,INFY.NS,1584
24-06-2025,INFY.NS,1581.599976
25-06-2025,INFY.NS,1614.900024
26-06-2025,INFY.NS,1616
27-06-2025,INFY.NS,1608
30-06-2025,INFY.NS,1601.800049
01-07-2025,INFY.NS,1606.800049
02-07-2025,INFY.NS,1610.5
03-07-2025,INFY.NS,1618.699951
04-07-2025,INFY.NS,1640.699951
07-07-2025,INFY.NS,1627
08-07-2025,INFY.NS,1638.699951
09-07-2025,INFY.NS,1633.699951
10-07-2025,INFY.NS,1615.800049
11-07-2025,INFY.NS,1594.900024
14-07-2025,INFY.NS,1570.300049
15-07-2025,INFY.NS,1585.599976
16-07-2025,INFY.NS,1607.900024
17-07-2025,INFY.NS,1583.5
18-07-2025,INFY.NS,1586.099976
21-07-2025,INFY.NS,1584.300049
22-07-2025,INFY.NS,1570.900024
23-07-2025,INFY.NS,1574.5
24-07-2025,INFY.NS,1552.5
25-07-2025,INFY.NS,1515.699951
28-07-2025,INFY.NS,1516
29-07-2025,INFY.NS,1513.699951
30-07-2025,INFY.NS,1519
31-07-2025,INFY.NS,1509
01-08-2025,INFY.NS,1469.599976
04-08-2025,INFY.NS,1480.5
05-08-2025,INFY.NS,1460.300049
06-08-2025,INFY.NS,1436.699951
07-08-2025,INFY.NS,1436.900024
08-08-2025,INFY.NS,1423.099976
11-08-2025,INFY.NS,1428.199951
12-08-2025,INFY.NS,1424.099976
13-08-2025,INFY.NS,1426.599976
14-08-2025,INFY.NS,1447.699951
18-08-2025,INFY.NS,1435.800049
19-08-2025,INFY.NS,1440
20-08-2025,INFY.NS,1496.199951
21-08-2025,INFY.NS,1496.400024
22-08-2025,INFY.NS,1487.5
25-08-2025,INFY.NS,1532.099976
26-08-2025,INFY.NS,1529.599976
27-02-2025,HDFCBANK.NS,850.3499756
28-02-2025,HDFCBANK.NS,866.2000122
03-03-2025,HDFCBANK.NS,850.7750244
04-03-2025,HDFCBANK.NS,855
05-03-2025,HDFCBANK.NS,845
06-03-2025,HDFCBANK.NS,845.5999756
07-03-2025,HDFCBANK.NS,844.625
10-03-2025,HDFCBANK.NS,843.75
11-03-2025,HDFCBANK.NS,842.75
12-03-2025,HDFCBANK.NS,855.5750122
13-03-2025,HDFCBANK.NS,853.2999878
17-03-2025,HDFCBANK.NS,855.2000122
18-03-2025,HDFCBANK.NS,855.2000122
19-03-2025,HDFCBANK.NS,872.0499878
20-03-2025,HDFCBANK.NS,884.375
21-03-2025,HDFCBANK.NS,885.1749878
24-03-2025,HDFCBANK.NS,900
25-03-2025,HDFCBANK.NS,910.7249756
26-03-2025,HDFCBANK.NS,903.2750244
27-03-2025,HDFCBANK.NS,912.6749878
28-03-2025,HDFCBANK.NS,914.0999756
01-04-2025,HDFCBANK.NS,883.9249878
02-04-2025,HDFCBANK.NS,898.4500122
03-04-2025,HDFCBANK.NS,897.4249878
04-04-2025,HDFCBANK.NS,908.6500244
07-04-2025,HDFCBANK.NS,878.8499756
08-04-2025,HDFCBANK.NS,884.5750122
09-04-2025,HDFCBANK.NS,882.5
11-04-2025,HDFCBANK.NS,903.375
15-04-2025,HDFCBANK.NS,932.4500122
16-04-2025,HDFCBANK.NS,939
17-04-2025,HDFCBANK.NS,953.3499756
21-04-2025,HDFCBANK.NS,963.5499878
22-04-2025,HDFCBANK.NS,980.8499756
23-04-2025,HDFCBANK.NS,961.9500122
24-04-2025,HDFCBANK.NS,958.4000244
25-04-2025,HDFCBANK.NS,955.5999756
28-04-2025,HDFCBANK.NS,960.0999756
29-04-2025,HDFCBANK.NS,954.4000244
30-04-2025,HDFCBANK.NS,962.5
02-05-2025,HDFCBANK.NS,960.9500122
05-05-2025,HDFCBANK.NS,968.4000244
06-05-2025,HDFCBANK.NS,965.8499756
07-05-2025,HDFCBANK.NS,972.7999878
08-05-2025,HDFCBANK.NS,964.25
09-05-2025,HDFCBANK.NS,944.8499756
12-05-2025,HDFCBANK.NS,978.5999756
13-05-2025,HDFCBANK.NS,961.2999878
14-05-2025,HDFCBANK.NS,955.2999878
15-05-2025,HDFCBANK.NS,966.9000244
16-05-2025,HDFCBANK.NS,967.3499756
19-05-2025,HDFCBANK.NS,969.3499756
20-05-2025,HDFCBANK.NS,957.4500122
21-05-2025,HDFCBANK.NS,963.4000244
22-05-2025,HDFCBANK.NS,959.9500122
23-05-2025,HDFCBANK.NS,966.7999878
26-05-2025,HDFCBANK.NS,970.0999756
27-05-2025,HDFCBANK.NS,963.1500244
28-05-2025,HDFCBANK.NS,961.75
29-05-2025,HDFCBANK.NS,963.75
30-05-2025,HDFCBANK.NS,972.4500122
02-06-2025,HDFCBANK.NS,966.0499878
03-06-2025,HDFCBANK.NS,962.2999878
04-06-2025,HDFCBANK.NS,970.5999756
05-06-2025,HDFCBANK.NS,974.7999878
06-06-2025,HDFCBANK.NS,989.3499756
09-06-2025,HDFCBANK.NS,989.4500122
10-06-2025,HDFCBANK.NS,982.6500244
11-06-2025,HDFCBANK.NS,975.2000122
12-06-2025,HDFCBANK.NS,971.7000122
13-06-2025,HDFCBANK.NS,958.7999878
16-06-2025,HDFCBANK.NS,967.7000122
17-06-2025,HDFCBANK.NS,964.7999878
18-06-2025,HDFCBANK.NS,966.9500122
19-06-2025,HDFCBANK.NS,967.6500244
20-06-2025,HDFCBANK.NS,982.3499756
23-06-2025,HDFCBANK.NS,974.2000122
24-06-2025,HDFCBANK.NS,980.4500122
25-06-2025,HDFCBANK.NS,990.0999756
26-06-2025,HDFCBANK.NS,1010.900024
27-06-2025,HDFCBANK.NS,1007.450012
30-06-2025,HDFCBANK.NS,1000.75
01-07-2025,HDFCBANK.NS,1006.049988
02-07-2025,HDFCBANK.NS,993
03-07-2025,HDFCBANK.NS,993.5499878
04-07-2025,HDFCBANK.NS,994.6500244
07-07-2025,HDFCBANK.NS,993.7000122
08-07-2025,HDFCBANK.NS,1000.700012
09-07-2025,HDFCBANK.NS,1005.599976
10-07-2025,HDFCBANK.NS,1003.099976
11-07-2025,HDFCBANK.NS,991.8499756
14-07-2025,HDFCBANK.NS,991.5
15-07-2025,HDFCBANK.NS,997.75
16-07-2025,HDFCBANK.NS,998.1500244
17-07-2025,HDFCBANK.NS,993.4500122
18-07-2025,HDFCBANK.NS,978.7000122
21-07-2025,HDFCBANK.NS,1000.25
22-07-2025,HDFCBANK.NS,1003.549988
23-07-2025,HDFCBANK.NS,1012.150024
24-07-2025,HDFCBANK.NS,1007.099976
25-07-2025,HDFCBANK.NS,1002.299988
28-07-2025,HDFCBANK.NS,1004.25
29-07-2025,HDFCBANK.NS,1010.799988
30-07-2025,HDFCBANK.NS,1012.900024
31-07-2025,HDFCBANK.NS,1009.099976
01-08-2025,HDFCBANK.NS,1006.099976
04-08-2025,HDFCBANK.NS,996
05-08-2025,HDFCBANK.NS,988.7999878
06-08-2025,HDFCBANK.NS,992.6500244
07-08-2025,HDFCBANK.NS,997.7000122
08-08-2025,HDFCBANK.NS,986.9500122
11-08-2025,HDFCBANK.NS,997.7999878
12-08-2025,HDFCBANK.NS,984.9500122
13-08-2025,HDFCBANK.NS,990.1500244
14-08-2025,HDFCBANK.NS,995.5499878
18-08-2025,HDFCBANK.NS,1001.799988
19-08-2025,HDFCBANK.NS,995.5499878
20-08-2025,HDFCBANK.NS,994.0999756
21-08-2025,HDFCBANK.NS,995.5999756
22-08-2025,HDFCBANK.NS,982.2999878
25-08-2025,HDFCBANK.NS,982.0499878
26-08-2025,HDFCBANK.NS,973.4000244
27-02-2025,BAJAJ-AUTO.NS,8232.349609
28-02-2025,BAJAJ-AUTO.NS,7902.899902
03-03-2025,BAJAJ-AUTO.NS,7714.799805
04-03-2025,BAJAJ-AUTO.NS,7333.299805
05-03-2025,BAJAJ-AUTO.NS,7420.299805
06-03-2025,BAJAJ-AUTO.NS,7462.25
07-03-2025,BAJAJ-AUTO.NS,7574.75
10-03-2025,BAJAJ-AUTO.NS,7383.399902
11-03-2025,BAJAJ-AUTO.NS,7499.950195
12-03-2025,BAJAJ-AUTO.NS,7515.049805
13-03-2025,BAJAJ-AUTO.NS,7504.700195
17-03-2025,BAJAJ-AUTO.NS,7486.049805
18-03-2025,BAJAJ-AUTO.NS,7486.049805
19-03-2025,BAJAJ-AUTO.NS,7721.850098
20-03-2025,BAJAJ-AUTO.NS,7920
21-03-2025,BAJAJ-AUTO.NS,8067.850098
24-03-2025,BAJAJ-AUTO.NS,8125.549805
25-03-2025,BAJAJ-AUTO.NS,8006
26-03-2025,BAJAJ-AUTO.NS,7977.100098
27-03-2025,BAJAJ-AUTO.NS,7974.299805
28-03-2025,BAJAJ-AUTO.NS,7878.850098
01-04-2025,BAJAJ-AUTO.NS,7993.049805
02-04-2025,BAJAJ-AUTO.NS,8072.950195
03-04-2025,BAJAJ-AUTO.NS,7912.200195
04-04-2025,BAJAJ-AUTO.NS,7685.100098
07-04-2025,BAJAJ-AUTO.NS,7306.799805
08-04-2025,BAJAJ-AUTO.NS,7498.049805
09-04-2025,BAJAJ-AUTO.NS,7572.299805
11-04-2025,BAJAJ-AUTO.NS,7768.850098
15-04-2025,BAJAJ-AUTO.NS,7995.5
16-04-2025,BAJAJ-AUTO.NS,7961.5
17-04-2025,BAJAJ-AUTO.NS,8018
21-04-2025,BAJAJ-AUTO.NS,8247.5
22-04-2025,BAJAJ-AUTO.NS,8141
23-04-2025,BAJAJ-AUTO.NS,8261.5
24-04-2025,BAJAJ-AUTO.NS,8201.5
25-04-2025,BAJAJ-AUTO.NS,8034
28-04-2025,BAJAJ-AUTO.NS,8096
29-04-2025,BAJAJ-AUTO.NS,8078.5
30-04-2025,BAJAJ-AUTO.NS,8030
02-05-2025,BAJAJ-AUTO.NS,7820.5
05-05-2025,BAJAJ-AUTO.NS,7920.5
06-05-2025,BAJAJ-AUTO.NS,7945.5
07-05-2025,BAJAJ-AUTO.NS,7849
08-05-2025,BAJAJ-AUTO.NS,7724.5
09-05-2025,BAJAJ-AUTO.NS,7682.5
12-05-2025,BAJAJ-AUTO.NS,8039.5
13-05-2025,BAJAJ-AUTO.NS,8063
14-05-2025,BAJAJ-AUTO.NS,8102.5
15-05-2025,BAJAJ-AUTO.NS,8326
16-05-2025,BAJAJ-AUTO.NS,8482.5
19-05-2025,BAJAJ-AUTO.NS,8851
20-05-2025,BAJAJ-AUTO.NS,8565
21-05-2025,BAJAJ-AUTO.NS,8687.5
22-05-2025,BAJAJ-AUTO.NS,8733.5
23-05-2025,BAJAJ-AUTO.NS,8741
26-05-2025,BAJAJ-AUTO.NS,8958.5
27-05-2025,BAJAJ-AUTO.NS,8963
28-05-2025,BAJAJ-AUTO.NS,8849
29-05-2025,BAJAJ-AUTO.NS,8874.5
30-05-2025,BAJAJ-AUTO.NS,8607
02-06-2025,BAJAJ-AUTO.NS,8513.5
03-06-2025,BAJAJ-AUTO.NS,8563
04-06-2025,BAJAJ-AUTO.NS,8563.5
05-06-2025,BAJAJ-AUTO.NS,8557.5
06-06-2025,BAJAJ-AUTO.NS,8637
09-06-2025,BAJAJ-AUTO.NS,8641
10-06-2025,BAJAJ-AUTO.NS,8626
11-06-2025,BAJAJ-AUTO.NS,8719
12-06-2025,BAJAJ-AUTO.NS,8567
13-06-2025,BAJAJ-AUTO.NS,8463.5
16-06-2025,BAJAJ-AUTO.NS,8529.5
17-06-2025,BAJAJ-AUTO.NS,8494.5
18-06-2025,BAJAJ-AUTO.NS,8468
19-06-2025,BAJAJ-AUTO.NS,8496
20-06-2025,BAJAJ-AUTO.NS,8371
23-06-2025,BAJAJ-AUTO.NS,8286.5
24-06-2025,BAJAJ-AUTO.NS,8377
25-06-2025,BAJAJ-AUTO.NS,8389.5
26-06-2025,BAJAJ-AUTO.NS,8433
27-06-2025,BAJAJ-AUTO.NS,8436
30-06-2025,BAJAJ-AUTO.NS,8376
01-07-2025,BAJAJ-AUTO.NS,8399
02-07-2025,BAJAJ-AUTO.NS,8356.5
03-07-2025,BAJAJ-AUTO.NS,8382.5
04-07-2025,BAJAJ-AUTO.NS,8433
07-07-2025,BAJAJ-AUTO.NS,8463.5
08-07-2025,BAJAJ-AUTO.NS,8339.5
09-07-2025,BAJAJ-AUTO.NS,8361
10-07-2025,BAJAJ-AUTO.NS,8285
11-07-2025,BAJAJ-AUTO.NS,8067
14-07-2025,BAJAJ-AUTO.NS,8087.5
15-07-2025,BAJAJ-AUTO.NS,8311
16-07-2025,BAJAJ-AUTO.NS,8302.5
17-07-2025,BAJAJ-AUTO.NS,8330
18-07-2025,BAJAJ-AUTO.NS,8347.5
21-07-2025,BAJAJ-AUTO.NS,8438.5
22-07-2025,BAJAJ-AUTO.NS,8295
23-07-2025,BAJAJ-AUTO.NS,8397
24-07-2025,BAJAJ-AUTO.NS,8288.5
25-07-2025,BAJAJ-AUTO.NS,8075.5
28-07-2025,BAJAJ-AUTO.NS,8089.5
29-07-2025,BAJAJ-AUTO.NS,8127.5
30-07-2025,BAJAJ-AUTO.NS,8043.5
31-07-2025,BAJAJ-AUTO.NS,8008
01-08-2025,BAJAJ-AUTO.NS,8044.5
04-08-2025,BAJAJ-AUTO.NS,8187.5
05-08-2025,BAJAJ-AUTO.NS,8230.5
06-08-2025,BAJAJ-AUTO.NS,8178.5
07-08-2025,BAJAJ-AUTO.NS,8229
08-08-2025,BAJAJ-AUTO.NS,8224
11-08-2025,BAJAJ-AUTO.NS,8275
12-08-2025,BAJAJ-AUTO.NS,8196.5
13-08-2025,BAJAJ-AUTO.NS,8248.5
14-08-2025,BAJAJ-AUTO.NS,8213.5
18-08-2025,BAJAJ-AUTO.NS,8588.5
19-08-2025,BAJAJ-AUTO.NS,8795.5
20-08-2025,BAJAJ-AUTO.NS,8827.5
21-08-2025,BAJAJ-AUTO.NS,8684.5
22-08-2025,BAJAJ-AUTO.NS,8679.5
25-08-2025,BAJAJ-AUTO.NS,8750.5
26-08-2025,BAJAJ-AUTO.NS,8691.5
27-02-2025,ADANIGREEN.NS,811.75
28-02-2025,ADANIGREEN.NS,774.4000244
03-03-2025,ADANIGREEN.NS,804.0999756
04-03-2025,ADANIGREEN.NS,768.5499878
05-03-2025,ADANIGREEN.NS,848.7000122
06-03-2025,ADANIGREEN.NS,845.9500122
07-03-2025,ADANIGREEN.NS,837.2000122
10-03-2025,ADANIGREEN.NS,826.0499878
11-03-2025,ADANIGREEN.NS,824.2000122
12-03-2025,ADANIGREEN.NS,853.4500122
13-03-2025,ADANIGREEN.NS,873.6500244
17-03-2025,ADANIGREEN.NS,896.4500122
18-03-2025,ADANIGREEN.NS,896.4500122
19-03-2025,ADANIGREEN.NS,911.2000122
20-03-2025,ADANIGREEN.NS,923.4000244
21-03-2025,ADANIGREEN.NS,954.25
24-03-2025,ADANIGREEN.NS,952.9000244
25-03-2025,ADANIGREEN.NS,923.4000244
26-03-2025,ADANIGREEN.NS,912.0999756
27-03-2025,ADANIGREEN.NS,959.9000244
28-03-2025,ADANIGREEN.NS,948.6500244
01-04-2025,ADANIGREEN.NS,919.1500244
02-04-2025,ADANIGREEN.NS,943.0499878
03-04-2025,ADANIGREEN.NS,955.2999878
04-04-2025,ADANIGREEN.NS,923.7999878
07-04-2025,ADANIGREEN.NS,873.2999878
08-04-2025,ADANIGREEN.NS,875.7999878
09-04-2025,ADANIGREEN.NS,860.75
11-04-2025,ADANIGREEN.NS,893.6500244
15-04-2025,ADANIGREEN.NS,936.6500244
16-04-2025,ADANIGREEN.NS,945.5999756
17-04-2025,ADANIGREEN.NS,947.1500244
21-04-2025,ADANIGREEN.NS,956.25
22-04-2025,ADANIGREEN.NS,943.2999878
23-04-2025,ADANIGREEN.NS,952.5
24-04-2025,ADANIGREEN.NS,968.9500122
25-04-2025,ADANIGREEN.NS,912.5499878
28-04-2025,ADANIGREEN.NS,941
29-04-2025,ADANIGREEN.NS,922.4000244
30-04-2025,ADANIGREEN.NS,900.7000122
02-05-2025,ADANIGREEN.NS,905.7000122
05-05-2025,ADANIGREEN.NS,965.7000122
06-05-2025,ADANIGREEN.NS,923.25
07-05-2025,ADANIGREEN.NS,917.25
08-05-2025,ADANIGREEN.NS,880.5
09-05-2025,ADANIGREEN.NS,879.4500122
12-05-2025,ADANIGREEN.NS,940.5499878
13-05-2025,ADANIGREEN.NS,958.0499878
14-05-2025,ADANIGREEN.NS,967.25
15-05-2025,ADANIGREEN.NS,967.9000244
16-05-2025,ADANIGREEN.NS,1020.099976
19-05-2025,ADANIGREEN.NS,1014
20-05-2025,ADANIGREEN.NS,983.9500122
21-05-2025,ADANIGREEN.NS,996.5
22-05-2025,ADANIGREEN.NS,985.8499756
23-05-2025,ADANIGREEN.NS,986.9500122
26-05-2025,ADANIGREEN.NS,1011.849976
27-05-2025,ADANIGREEN.NS,1013
28-05-2025,ADANIGREEN.NS,1001.849976
29-05-2025,ADANIGREEN.NS,1019.049988
30-05-2025,ADANIGREEN.NS,1014.349976
02-06-2025,ADANIGREEN.NS,1009.099976
03-06-2025,ADANIGREEN.NS,992.5999756
04-06-2025,ADANIGREEN.NS,1004.799988
05-06-2025,ADANIGREEN.NS,1003.599976
06-06-2025,ADANIGREEN.NS,1018.799988
09-06-2025,ADANIGREEN.NS,1034.300049
10-06-2025,ADANIGREEN.NS,1060.5
11-06-2025,ADANIGREEN.NS,1046.800049
12-06-2025,ADANIGREEN.NS,1015.799988
13-06-2025,ADANIGREEN.NS,989.5
16-06-2025,ADANIGREEN.NS,992
17-06-2025,ADANIGREEN.NS,977.5
18-06-2025,ADANIGREEN.NS,968.9000244
19-06-2025,ADANIGREEN.NS,934
20-06-2025,ADANIGREEN.NS,947.7000122
23-06-2025,ADANIGREEN.NS,960.5
24-06-2025,ADANIGREEN.NS,987.2999878
25-06-2025,ADANIGREEN.NS,981.0999756
26-06-2025,ADANIGREEN.NS,992
27-06-2025,ADANIGREEN.NS,1015.599976
30-06-2025,ADANIGREEN.NS,1025.599976
01-07-2025,ADANIGREEN.NS,1015.700012
02-07-2025,ADANIGREEN.NS,1019
03-07-2025,ADANIGREEN.NS,1008.5
04-07-2025,ADANIGREEN.NS,996.7999878
07-07-2025,ADANIGREEN.NS,991.0999756
08-07-2025,ADANIGREEN.NS,992
09-07-2025,ADANIGREEN.NS,995.2000122
10-07-2025,ADANIGREEN.NS,995.7999878
11-07-2025,ADANIGREEN.NS,995.2000122
14-07-2025,ADANIGREEN.NS,1025.900024
15-07-2025,ADANIGREEN.NS,1033.099976
16-07-2025,ADANIGREEN.NS,1038.599976
17-07-2025,ADANIGREEN.NS,1050.099976
18-07-2025,ADANIGREEN.NS,1030.199951
21-07-2025,ADANIGREEN.NS,1036.599976
22-07-2025,ADANIGREEN.NS,1013.700012
23-07-2025,ADANIGREEN.NS,1033.900024
24-07-2025,ADANIGREEN.NS,1020.700012
25-07-2025,ADANIGREEN.NS,975.9000244
28-07-2025,ADANIGREEN.NS,1003.900024
29-07-2025,ADANIGREEN.NS,1015.599976
30-07-2025,ADANIGREEN.NS,1009.700012
31-07-2025,ADANIGREEN.NS,984.7000122
01-08-2025,ADANIGREEN.NS,972.5999756
04-08-2025,ADANIGREEN.NS,989.7999878
05-08-2025,ADANIGREEN.NS,971.75
06-08-2025,ADANIGREEN.NS,957.5499878
07-08-2025,ADANIGREEN.NS,936.7000122
08-08-2025,ADANIGREEN.NS,914.0499878
11-08-2025,ADANIGREEN.NS,929.0999756
12-08-2025,ADANIGREEN.NS,930.9000244
13-08-2025,ADANIGREEN.NS,924.1500244
14-08-2025,ADANIGREEN.NS,917.5
18-08-2025,ADANIGREEN.NS,941.6500244
19-08-2025,ADANIGREEN.NS,973.4000244
20-08-2025,ADANIGREEN.NS,975.9500122
21-08-2025,ADANIGREEN.NS,966.5999756
22-08-2025,ADANIGREEN.NS,957.2000122
25-08-2025,ADANIGREEN.NS,964.0999756
26-08-2025,ADANIGREEN.NS,931.25
27-02-2025,TATASTEEL.NS,138.6900024
28-02-2025,TATASTEEL.NS,137.1999969
03-03-2025,TATASTEEL.NS,138.5700073
04-03-2025,TATASTEEL.NS,139.3399963
05-03-2025,TATASTEEL.NS,146.1000061
06-03-2025,TATASTEEL.NS,150.4400024
07-03-2025,TATASTEEL.NS,151.5599976
10-03-2025,TATASTEEL.NS,151.0500031
11-03-2025,TATASTEEL.NS,150.75
12-03-2025,TATASTEEL.NS,150.3000031
13-03-2025,TATASTEEL.NS,150.8800049
17-03-2025,TATASTEEL.NS,151.8099976
18-03-2025,TATASTEEL.NS,151.8099976
19-03-2025,TATASTEEL.NS,158.6000061
20-03-2025,TATASTEEL.NS,159.0399933
21-03-2025,TATASTEEL.NS,157.2799988
24-03-2025,TATASTEEL.NS,158.4199982
25-03-2025,TATASTEEL.NS,156.7299957
26-03-2025,TATASTEEL.NS,155.8099976
27-03-2025,TATASTEEL.NS,155.4199982
28-03-2025,TATASTEEL.NS,154.2400055
01-04-2025,TATASTEEL.NS,153.1199951
02-04-2025,TATASTEEL.NS,154.6900024
03-04-2025,TATASTEEL.NS,153.6199951
04-04-2025,TATASTEEL.NS,140.3899994
07-04-2025,TATASTEEL.NS,129.4799957
08-04-2025,TATASTEEL.NS,130.2799988
09-04-2025,TATASTEEL.NS,127.1800003
11-04-2025,TATASTEEL.NS,133.4199982
15-04-2025,TATASTEEL.NS,136.4100037
16-04-2025,TATASTEEL.NS,136.9700012
17-04-2025,TATASTEEL.NS,137.1399994
21-04-2025,TATASTEEL.NS,139.1799927
22-04-2025,TATASTEEL.NS,138.1600037
23-04-2025,TATASTEEL.NS,141.1600037
24-04-2025,TATASTEEL.NS,141.5200043
25-04-2025,TATASTEEL.NS,138.8500061
28-04-2025,TATASTEEL.NS,142.0700073
29-04-2025,TATASTEEL.NS,141.5
30-04-2025,TATASTEEL.NS,140.0800018
02-05-2025,TATASTEEL.NS,141.3999939
05-05-2025,TATASTEEL.NS,142.0800018
06-05-2025,TATASTEEL.NS,144.4400024
07-05-2025,TATASTEEL.NS,146
08-05-2025,TATASTEEL.NS,143.6699982
09-05-2025,TATASTEEL.NS,142.7799988
12-05-2025,TATASTEEL.NS,151.6300049
13-05-2025,TATASTEEL.NS,149.4299927
14-05-2025,TATASTEEL.NS,155.3099976
15-05-2025,TATASTEEL.NS,157.3500061
16-05-2025,TATASTEEL.NS,157.5500031
19-05-2025,TATASTEEL.NS,157.5700073
20-05-2025,TATASTEEL.NS,158.6900024
21-05-2025,TATASTEEL.NS,161.6399994
22-05-2025,TATASTEEL.NS,161.2899933
23-05-2025,TATASTEEL.NS,162.9700012
26-05-2025,TATASTEEL.NS,162.5099945
27-05-2025,TATASTEEL.NS,161.6600037
28-05-2025,TATASTEEL.NS,161.2400055
29-05-2025,TATASTEEL.NS,163.1199951
30-05-2025,TATASTEEL.NS,161.0200043
02-06-2025,TATASTEEL.NS,159.0399933
03-06-2025,TATASTEEL.NS,157.3500061
04-06-2025,TATASTEEL.NS,158.1799927
05-06-2025,TATASTEEL.NS,157.9700012
06-06-2025,TATASTEEL.NS,157.4900055
09-06-2025,TATASTEEL.NS,157.3200073
10-06-2025,TATASTEEL.NS,155.6799927
11-06-2025,TATASTEEL.NS,156.4100037
12-06-2025,TATASTEEL.NS,152.8899994
13-06-2025,TATASTEEL.NS,152.1300049
16-06-2025,TATASTEEL.NS,154.1699982
17-06-2025,TATASTEEL.NS,152.6000061
18-06-2025,TATASTEEL.NS,152.1100006
19-06-2025,TATASTEEL.NS,151
20-06-2025,TATASTEEL.NS,151.9700012
23-06-2025,TATASTEEL.NS,152.4299927
24-06-2025,TATASTEEL.NS,154.7899933
25-06-2025,TATASTEEL.NS,156.3899994
26-06-2025,TATASTEEL.NS,160.5399933
27-06-2025,TATASTEEL.NS,161.4499969
30-06-2025,TATASTEEL.NS,159.7599945
01-07-2025,TATASTEEL.NS,160.0599976
02-07-2025,TATASTEEL.NS,165.8800049
03-07-2025,TATASTEEL.NS,165.9100037
04-07-2025,TATASTEEL.NS,163.0099945
07-07-2025,TATASTEEL.NS,162.3999939
08-07-2025,TATASTEEL.NS,161.9700012
09-07-2025,TATASTEEL.NS,159
10-07-2025,TATASTEEL.NS,160.6600037
11-07-2025,TATASTEEL.NS,159.8399963
14-07-2025,TATASTEEL.NS,160.4400024
15-07-2025,TATASTEEL.NS,159
16-07-2025,TATASTEEL.NS,157.3300018
17-07-2025,TATASTEEL.NS,159.8999939
18-07-2025,TATASTEEL.NS,162.3699951
21-07-2025,TATASTEEL.NS,163.0200043
22-07-2025,TATASTEEL.NS,163.0399933
23-07-2025,TATASTEEL.NS,162.7700043
24-07-2025,TATASTEEL.NS,163.4799957
25-07-2025,TATASTEEL.NS,161.4299927
28-07-2025,TATASTEEL.NS,159.6799927
29-07-2025,TATASTEEL.NS,161.6900024
30-07-2025,TATASTEEL.NS,161.3600006
31-07-2025,TATASTEEL.NS,157.9400024
01-08-2025,TATASTEEL.NS,153.0099945
04-08-2025,TATASTEEL.NS,159.5599976
05-08-2025,TATASTEEL.NS,159.6199951
06-08-2025,TATASTEEL.NS,158.6600037
07-08-2025,TATASTEEL.NS,159.6699982
08-08-2025,TATASTEEL.NS,157.9499969
11-08-2025,TATASTEEL.NS,158.5200043
12-08-2025,TATASTEEL.NS,160.1600037
13-08-2025,TATASTEEL.NS,160.1799927
14-08-2025,TATASTEEL.NS,155.3000031
18-08-2025,TATASTEEL.NS,157.9600067
19-08-2025,TATASTEEL.NS,159.2299957
20-08-2025,TATASTEEL.NS,161.9199982
21-08-2025,TATASTEEL.NS,161.5099945
22-08-2025,TATASTEEL.NS,158.5500031
25-08-2025,TATASTEEL.NS,159.6300049
26-08-2025,TATASTEEL.NS,155.0299988
27-02-2025,ITC.NS,401.6000061
28-02-2025,ITC.NS,395
03-03-2025,ITC.NS,397.4500122
04-03-2025,ITC.NS,394.8500061
05-03-2025,ITC.NS,405.0499878
06-03-2025,ITC.NS,405.7000122
07-03-2025,ITC.NS,403.8999939
10-03-2025,ITC.NS,405
11-03-2025,ITC.NS,406.2000122
12-03-2025,ITC.NS,412.3999939
13-03-2025,ITC.NS,412.0499878
17-03-2025,ITC.NS,407.9500122
18-03-2025,ITC.NS,407.9500122
19-03-2025,ITC.NS,403.0499878
20-03-2025,ITC.NS,403.9500122
21-03-2025,ITC.NS,405.5499878
24-03-2025,ITC.NS,410.8999939
25-03-2025,ITC.NS,409.7999878
26-03-2025,ITC.NS,407.3500061
27-03-2025,ITC.NS,409.4500122
28-03-2025,ITC.NS,409.75
01-04-2025,ITC.NS,406.6499939
02-04-2025,ITC.NS,409.0499878
03-04-2025,ITC.NS,409.3999939
04-04-2025,ITC.NS,409.7000122
07-04-2025,ITC.NS,406.0499878
08-04-2025,ITC.NS,412.5499878
09-04-2025,ITC.NS,416.2999878
11-04-2025,ITC.NS,421.5499878
15-04-2025,ITC.NS,420.3999939
16-04-2025,ITC.NS,424.4500122
17-04-2025,ITC.NS,427.25
21-04-2025,ITC.NS,422.8500061
22-04-2025,ITC.NS,433.6000061
23-04-2025,ITC.NS,430.8500061
24-04-2025,ITC.NS,430.0499878
25-04-2025,ITC.NS,427.7999878
28-04-2025,ITC.NS,428.7999878
29-04-2025,ITC.NS,426
30-04-2025,ITC.NS,425.7999878
02-05-2025,ITC.NS,429.5
05-05-2025,ITC.NS,436.9500122
06-05-2025,ITC.NS,435.5499878
07-05-2025,ITC.NS,431.1499939
08-05-2025,ITC.NS,430.6000061
09-05-2025,ITC.NS,423.5499878
12-05-2025,ITC.NS,435.5
13-05-2025,ITC.NS,427.8999939
14-05-2025,ITC.NS,429.1000061
15-05-2025,ITC.NS,432.6499939
16-05-2025,ITC.NS,435.7000122
19-05-2025,ITC.NS,435.3500061
20-05-2025,ITC.NS,434.8999939
21-05-2025,ITC.NS,433
22-05-2025,ITC.NS,426.1000061
23-05-2025,ITC.NS,436.2999878
26-05-2025,ITC.NS,442.8999939
27-05-2025,ITC.NS,433.8999939
28-05-2025,ITC.NS,420.2000122
29-05-2025,ITC.NS,418.75
30-05-2025,ITC.NS,418.0499878
02-06-2025,ITC.NS,419.2999878
03-06-2025,ITC.NS,416.9500122
04-06-2025,ITC.NS,417
05-06-2025,ITC.NS,419.1000061
06-06-2025,ITC.NS,421.0499878
09-06-2025,ITC.NS,423.0499878
10-06-2025,ITC.NS,427
11-06-2025,ITC.NS,426.1499939
12-06-2025,ITC.NS,421
13-06-2025,ITC.NS,413.8999939
16-06-2025,ITC.NS,418.2000122
17-06-2025,ITC.NS,417.3999939
18-06-2025,ITC.NS,415.8999939
19-06-2025,ITC.NS,416
20-06-2025,ITC.NS,418.5499878
23-06-2025,ITC.NS,413.8999939
24-06-2025,ITC.NS,414.3500061
25-06-2025,ITC.NS,416.3500061
26-06-2025,ITC.NS,420.2999878
27-06-2025,ITC.NS,418.6499939
30-06-2025,ITC.NS,416.4500122
01-07-2025,ITC.NS,415.1000061
02-07-2025,ITC.NS,412.9500122
03-07-2025,ITC.NS,413.3500061
04-07-2025,ITC.NS,412.5499878
07-07-2025,ITC.NS,416.1499939
08-07-2025,ITC.NS,417.2000122
09-07-2025,ITC.NS,419.4500122
10-07-2025,ITC.NS,416.8500061
11-07-2025,ITC.NS,416.7999878
14-07-2025,ITC.NS,419.3999939
15-07-2025,ITC.NS,422.1000061
16-07-2025,ITC.NS,424.6000061
17-07-2025,ITC.NS,423.9500122
18-07-2025,ITC.NS,422.75
21-07-2025,ITC.NS,420.1000061
22-07-2025,ITC.NS,416
23-07-2025,ITC.NS,414.9500122
24-07-2025,ITC.NS,409.9500122
25-07-2025,ITC.NS,409.3999939
28-07-2025,ITC.NS,409.8999939
29-07-2025,ITC.NS,408.4500122
30-07-2025,ITC.NS,407.6000061
31-07-2025,ITC.NS,411.9500122
01-08-2025,ITC.NS,416.4500122
04-08-2025,ITC.NS,416.8500061
05-08-2025,ITC.NS,414.1499939
06-08-2025,ITC.NS,412
07-08-2025,ITC.NS,413.6000061
08-08-2025,ITC.NS,414.5
11-08-2025,ITC.NS,416.8500061
12-08-2025,ITC.NS,416.3500061
13-08-2025,ITC.NS,414.1000061
14-08-2025,ITC.NS,411.4500122
18-08-2025,ITC.NS,406.2999878
19-08-2025,ITC.NS,409.1000061
20-08-2025,ITC.NS,406.0499878
21-08-2025,ITC.NS,405.5499878
22-08-2025,ITC.NS,398.2999878
25-08-2025,ITC.NS,399.3500061
26-08-2025,ITC.NS,403.3500061
27-02-2025,SBILIFE.NS,1469.75
28-02-2025,SBILIFE.NS,1430.5
03-03-2025,SBILIFE.NS,1408.5
04-03-2025,SBILIFE.NS,1393.099976
05-03-2025,SBILIFE.NS,1420.699951
06-03-2025,SBILIFE.NS,1421.300049
07-03-2025,SBILIFE.NS,1411.599976
10-03-2025,SBILIFE.NS,1419.449951
11-03-2025,SBILIFE.NS,1417.25
12-03-2025,SBILIFE.NS,1409
13-03-2025,SBILIFE.NS,1385.550049
17-03-2025,SBILIFE.NS,1434.25
18-03-2025,SBILIFE.NS,1434.25
19-03-2025,SBILIFE.NS,1484.900024
20-03-2025,SBILIFE.NS,1498.349976
21-03-2025,SBILIFE.NS,1546.400024
24-03-2025,SBILIFE.NS,1569.800049
25-03-2025,SBILIFE.NS,1557.199951
26-03-2025,SBILIFE.NS,1541.300049
27-03-2025,SBILIFE.NS,1544.900024
28-03-2025,SBILIFE.NS,1547.849976
01-04-2025,SBILIFE.NS,1545.25
02-04-2025,SBILIFE.NS,1559.849976
03-04-2025,SBILIFE.NS,1542.25
04-04-2025,SBILIFE.NS,1512.599976
07-04-2025,SBILIFE.NS,1460.800049
08-04-2025,SBILIFE.NS,1488
09-04-2025,SBILIFE.NS,1481.650024
11-04-2025,SBILIFE.NS,1521.900024
15-04-2025,SBILIFE.NS,1562.599976
16-04-2025,SBILIFE.NS,1565.400024
17-04-2025,SBILIFE.NS,1608.199951
21-04-2025,SBILIFE.NS,1628.5
22-04-2025,SBILIFE.NS,1619
23-04-2025,SBILIFE.NS,1615.5
24-04-2025,SBILIFE.NS,1608.199951
25-04-2025,SBILIFE.NS,1695.099976
28-04-2025,SBILIFE.NS,1736.099976
29-04-2025,SBILIFE.NS,1730.099976
30-04-2025,SBILIFE.NS,1765.800049
02-05-2025,SBILIFE.NS,1762.199951
05-05-2025,SBILIFE.NS,1769.900024
06-05-2025,SBILIFE.NS,1726
07-05-2025,SBILIFE.NS,1744.5
08-05-2025,SBILIFE.NS,1731.5
09-05-2025,SBILIFE.NS,1699.800049
12-05-2025,SBILIFE.NS,1751.5
13-05-2025,SBILIFE.NS,1740
14-05-2025,SBILIFE.NS,1755.199951
15-05-2025,SBILIFE.NS,1784.599976
16-05-2025,SBILIFE.NS,1773.400024
19-05-2025,SBILIFE.NS,1770
20-05-2025,SBILIFE.NS,1757.800049
21-05-2025,SBILIFE.NS,1763.900024
22-05-2025,SBILIFE.NS,1759.300049
23-05-2025,SBILIFE.NS,1798.699951
26-05-2025,SBILIFE.NS,1801.599976
27-05-2025,SBILIFE.NS,1803.300049
28-05-2025,SBILIFE.NS,1807.400024
29-05-2025,SBILIFE.NS,1825
30-05-2025,SBILIFE.NS,1812.199951
02-06-2025,SBILIFE.NS,1802.5
03-06-2025,SBILIFE.NS,1775.300049
04-06-2025,SBILIFE.NS,1775.900024
05-06-2025,SBILIFE.NS,1774.800049
06-06-2025,SBILIFE.NS,1780.599976
09-06-2025,SBILIFE.NS,1790.800049
10-06-2025,SBILIFE.NS,1785.5
11-06-2025,SBILIFE.NS,1799.300049
12-06-2025,SBILIFE.NS,1766
13-06-2025,SBILIFE.NS,1755.199951
16-06-2025,SBILIFE.NS,1797.800049
17-06-2025,SBILIFE.NS,1800.199951
18-06-2025,SBILIFE.NS,1797.199951
19-06-2025,SBILIFE.NS,1789.400024
20-06-2025,SBILIFE.NS,1810.900024
23-06-2025,SBILIFE.NS,1818.599976
24-06-2025,SBILIFE.NS,1843
25-06-2025,SBILIFE.NS,1842.699951
26-06-2025,SBILIFE.NS,1860.800049
27-06-2025,SBILIFE.NS,1850.599976
30-06-2025,SBILIFE.NS,1838.300049
01-07-2025,SBILIFE.NS,1862.5
02-07-2025,SBILIFE.NS,1856.800049
03-07-2025,SBILIFE.NS,1810.199951
04-07-2025,SBILIFE.NS,1799.699951
07-07-2025,SBILIFE.NS,1808.300049
08-07-2025,SBILIFE.NS,1816.900024
09-07-2025,SBILIFE.NS,1814.900024
10-07-2025,SBILIFE.NS,1810.199951
11-07-2025,SBILIFE.NS,1835.199951
14-07-2025,SBILIFE.NS,1851.300049
15-07-2025,SBILIFE.NS,1824.800049
16-07-2025,SBILIFE.NS,1829.099976
17-07-2025,SBILIFE.NS,1802.800049
18-07-2025,SBILIFE.NS,1788.400024
21-07-2025,SBILIFE.NS,1804.699951
22-07-2025,SBILIFE.NS,1809
23-07-2025,SBILIFE.NS,1809.5
24-07-2025,SBILIFE.NS,1793.599976
25-07-2025,SBILIFE.NS,1832.099976
28-07-2025,SBILIFE.NS,1850.5
29-07-2025,SBILIFE.NS,1833.400024
30-07-2025,SBILIFE.NS,1839.099976
31-07-2025,SBILIFE.NS,1840.699951
01-08-2025,SBILIFE.NS,1796.199951
04-08-2025,SBILIFE.NS,1831.5
05-08-2025,SBILIFE.NS,1857
06-08-2025,SBILIFE.NS,1854.300049
07-08-2025,SBILIFE.NS,1861.099976
08-08-2025,SBILIFE.NS,1833.599976
11-08-2025,SBILIFE.NS,1851
12-08-2025,SBILIFE.NS,1838
13-08-2025,SBILIFE.NS,1840.300049
14-08-2025,SBILIFE.NS,1840.599976
18-08-2025,SBILIFE.NS,1863
19-08-2025,SBILIFE.NS,1854.099976
20-08-2025,SBILIFE.NS,1858.5
21-08-2025,SBILIFE.NS,1877.300049
22-08-2025,SBILIFE.NS,1859
25-08-2025,SBILIFE.NS,1846.800049
26-08-2025,SBILIFE.NS,1816.599976
27-02-2025,HDFCLIFE.NS,618.4000244
28-02-2025,HDFCLIFE.NS,608.5
03-03-2025,HDFCLIFE.NS,618
04-03-2025,HDFCLIFE.NS,616.5
05-03-2025,HDFCLIFE.NS,621.2000122
06-03-2025,HDFCLIFE.NS,618.25
07-03-2025,HDFCLIFE.NS,625.2000122
10-03-2025,HDFCLIFE.NS,625.9000244
11-03-2025,HDFCLIFE.NS,636.9500122
12-03-2025,HDFCLIFE.NS,632
13-03-2025,HDFCLIFE.NS,622.4000244
17-03-2025,HDFCLIFE.NS,629.7999878
18-03-2025,HDFCLIFE.NS,629.7999878
19-03-2025,HDFCLIFE.NS,664.5499878
20-03-2025,HDFCLIFE.NS,674.3499756
21-03-2025,HDFCLIFE.NS,679.5999756
24-03-2025,HDFCLIFE.NS,679.9000244
25-03-2025,HDFCLIFE.NS,673.0999756
26-03-2025,HDFCLIFE.NS,668.4000244
27-03-2025,HDFCLIFE.NS,681.9000244
28-03-2025,HDFCLIFE.NS,685.7000122
01-04-2025,HDFCLIFE.NS,692.9000244
02-04-2025,HDFCLIFE.NS,696.1500244
03-04-2025,HDFCLIFE.NS,692.9000244
04-04-2025,HDFCLIFE.NS,689.0499878
07-04-2025,HDFCLIFE.NS,665.9500122
08-04-2025,HDFCLIFE.NS,685.75
09-04-2025,HDFCLIFE.NS,684.7999878
11-04-2025,HDFCLIFE.NS,685.5499878
15-04-2025,HDFCLIFE.NS,704.7000122
16-04-2025,HDFCLIFE.NS,716.0499878
17-04-2025,HDFCLIFE.NS,720.0499878
21-04-2025,HDFCLIFE.NS,712.2000122
22-04-2025,HDFCLIFE.NS,712.5499878
23-04-2025,HDFCLIFE.NS,709.0999756
24-04-2025,HDFCLIFE.NS,708.4000244
25-04-2025,HDFCLIFE.NS,704.5499878
28-04-2025,HDFCLIFE.NS,710.8499756
29-04-2025,HDFCLIFE.NS,715.0499878
30-04-2025,HDFCLIFE.NS,743.7000122
02-05-2025,HDFCLIFE.NS,729.1500244
05-05-2025,HDFCLIFE.NS,738.9000244
06-05-2025,HDFCLIFE.NS,722.5999756
07-05-2025,HDFCLIFE.NS,723.9000244
08-05-2025,HDFCLIFE.NS,722.9500122
09-05-2025,HDFCLIFE.NS,713.5999756
12-05-2025,HDFCLIFE.NS,734.5999756
13-05-2025,HDFCLIFE.NS,735.0499878
14-05-2025,HDFCLIFE.NS,741.7000122
15-05-2025,HDFCLIFE.NS,751.2000122
16-05-2025,HDFCLIFE.NS,750.5499878
19-05-2025,HDFCLIFE.NS,750.9500122
20-05-2025,HDFCLIFE.NS,747.0499878
21-05-2025,HDFCLIFE.NS,759.7000122
22-05-2025,HDFCLIFE.NS,755.8499756
23-05-2025,HDFCLIFE.NS,780.4000244
26-05-2025,HDFCLIFE.NS,780
27-05-2025,HDFCLIFE.NS,775.7999878
28-05-2025,HDFCLIFE.NS,789.4500122
29-05-2025,HDFCLIFE.NS,780.9000244
30-05-2025,HDFCLIFE.NS,776.8499756
02-06-2025,HDFCLIFE.NS,766.7000122
03-06-2025,HDFCLIFE.NS,757.9000244
04-06-2025,HDFCLIFE.NS,758.7999878
05-06-2025,HDFCLIFE.NS,761.5999756
06-06-2025,HDFCLIFE.NS,755.0999756
09-06-2025,HDFCLIFE.NS,760.4000244
10-06-2025,HDFCLIFE.NS,762.4500122
11-06-2025,HDFCLIFE.NS,764.2000122
12-06-2025,HDFCLIFE.NS,754.5
13-06-2025,HDFCLIFE.NS,752.8499756
16-06-2025,HDFCLIFE.NS,770.5499878
17-06-2025,HDFCLIFE.NS,773.9500122
18-06-2025,HDFCLIFE.NS,766.2000122
19-06-2025,HDFCLIFE.NS,761.8499756
20-06-2025,HDFCLIFE.NS,778.9500122
23-06-2025,HDFCLIFE.NS,774.1500244
24-06-2025,HDFCLIFE.NS,779.7000122
25-06-2025,HDFCLIFE.NS,785.0999756
26-06-2025,HDFCLIFE.NS,799.4500122
27-06-2025,HDFCLIFE.NS,806.9500122
30-06-2025,HDFCLIFE.NS,814.2999878
01-07-2025,HDFCLIFE.NS,809.9000244
02-07-2025,HDFCLIFE.NS,789.7000122
03-07-2025,HDFCLIFE.NS,785.8499756
04-07-2025,HDFCLIFE.NS,785.0999756
07-07-2025,HDFCLIFE.NS,789.4500122
08-07-2025,HDFCLIFE.NS,794.1500244
09-07-2025,HDFCLIFE.NS,786.2999878
10-07-2025,HDFCLIFE.NS,771.25
11-07-2025,HDFCLIFE.NS,759
14-07-2025,HDFCLIFE.NS,764.75
15-07-2025,HDFCLIFE.NS,756.8499756
16-07-2025,HDFCLIFE.NS,755.9500122
17-07-2025,HDFCLIFE.NS,751.7999878
18-07-2025,HDFCLIFE.NS,739.5
21-07-2025,HDFCLIFE.NS,752.2999878
22-07-2025,HDFCLIFE.NS,763.2999878
23-07-2025,HDFCLIFE.NS,762.5
24-07-2025,HDFCLIFE.NS,757.2999878
25-07-2025,HDFCLIFE.NS,762.3499756
28-07-2025,HDFCLIFE.NS,761.2000122
29-07-2025,HDFCLIFE.NS,756.3499756
30-07-2025,HDFCLIFE.NS,757.4500122
31-07-2025,HDFCLIFE.NS,755.5
01-08-2025,HDFCLIFE.NS,741.7000122
04-08-2025,HDFCLIFE.NS,739.7999878
05-08-2025,HDFCLIFE.NS,738.5
06-08-2025,HDFCLIFE.NS,752.5499878
07-08-2025,HDFCLIFE.NS,755.7000122
08-08-2025,HDFCLIFE.NS,761.5499878
11-08-2025,HDFCLIFE.NS,764.75
12-08-2025,HDFCLIFE.NS,766.2000122
13-08-2025,HDFCLIFE.NS,776.5999756
14-08-2025,HDFCLIFE.NS,788.75
18-08-2025,HDFCLIFE.NS,791
19-08-2025,HDFCLIFE.NS,793.75
20-08-2025,HDFCLIFE.NS,796.5499878
21-08-2025,HDFCLIFE.NS,795.4500122
22-08-2025,HDFCLIFE.NS,788.75
25-08-2025,HDFCLIFE.NS,787
26-08-2025,HDFCLIFE.NS,776.5999756
27-02-2025,TATAPOWER.NS,343.2999878
28-02-2025,TATAPOWER.NS,339.2000122
03-03-2025,TATAPOWER.NS,342.8500061
04-03-2025,TATAPOWER.NS,345.9500122
05-03-2025,TATAPOWER.NS,351.3999939
06-03-2025,TATAPOWER.NS,354.0499878
07-03-2025,TATAPOWER.NS,351.4500122
10-03-2025,TATAPOWER.NS,352.4500122
11-03-2025,TATAPOWER.NS,352.4500122
12-03-2025,TATAPOWER.NS,356.25
13-03-2025,TATAPOWER.NS,350.75
17-03-2025,TATAPOWER.NS,350.75
18-03-2025,TATAPOWER.NS,350.75
19-03-2025,TATAPOWER.NS,371.4500122
20-03-2025,TATAPOWER.NS,370.3500061
21-03-2025,TATAPOWER.NS,379.5
24-03-2025,TATAPOWER.NS,383.2999878
25-03-2025,TATAPOWER.NS,377.1000061
26-03-2025,TATAPOWER.NS,376
27-03-2025,TATAPOWER.NS,383.3999939
28-03-2025,TATAPOWER.NS,375.3999939
01-04-2025,TATAPOWER.NS,374.75
02-04-2025,TATAPOWER.NS,378.25
03-04-2025,TATAPOWER.NS,385.6499939
04-04-2025,TATAPOWER.NS,368.9500122
07-04-2025,TATAPOWER.NS,354.8500061
08-04-2025,TATAPOWER.NS,359.7000122
09-04-2025,TATAPOWER.NS,358.25
11-04-2025,TATAPOWER.NS,364.4500122
15-04-2025,TATAPOWER.NS,378.5
16-04-2025,TATAPOWER.NS,381.25
17-04-2025,TATAPOWER.NS,381.7000122
21-04-2025,TATAPOWER.NS,390.8500061
22-04-2025,TATAPOWER.NS,388.6000061
23-04-2025,TATAPOWER.NS,394.4500122
24-04-2025,TATAPOWER.NS,395.8500061
25-04-2025,TATAPOWER.NS,387.6000061
28-04-2025,TATAPOWER.NS,395.1000061
29-04-2025,TATAPOWER.NS,393.3500061
30-04-2025,TATAPOWER.NS,384.3999939
02-05-2025,TATAPOWER.NS,381.2999878
05-05-2025,TATAPOWER.NS,389.1000061
06-05-2025,TATAPOWER.NS,374.8999939
07-05-2025,TATAPOWER.NS,377.3500061
08-05-2025,TATAPOWER.NS,370.1499939
09-05-2025,TATAPOWER.NS,371
12-05-2025,TATAPOWER.NS,391.3999939
13-05-2025,TATAPOWER.NS,389.2999878
14-05-2025,TATAPOWER.NS,396.9500122
15-05-2025,TATAPOWER.NS,397.9500122
16-05-2025,TATAPOWER.NS,405.7999878
19-05-2025,TATAPOWER.NS,408.1000061
20-05-2025,TATAPOWER.NS,398.9500122
21-05-2025,TATAPOWER.NS,401.8500061
22-05-2025,TATAPOWER.NS,395.6000061
23-05-2025,TATAPOWER.NS,402.0499878
26-05-2025,TATAPOWER.NS,402.6000061
27-05-2025,TATAPOWER.NS,402.2000122
28-05-2025,TATAPOWER.NS,396.3500061
29-05-2025,TATAPOWER.NS,397.2999878
30-05-2025,TATAPOWER.NS,392.7999878
02-06-2025,TATAPOWER.NS,396.8500061
03-06-2025,TATAPOWER.NS,391.5
04-06-2025,TATAPOWER.NS,393.6499939
05-06-2025,TATAPOWER.NS,393.5499878
06-06-2025,TATAPOWER.NS,399.5499878
09-06-2025,TATAPOWER.NS,406.2000122
10-06-2025,TATAPOWER.NS,413.2000122
11-06-2025,TATAPOWER.NS,412.0499878
12-06-2025,TATAPOWER.NS,401.6499939
13-06-2025,TATAPOWER.NS,397.2000122
16-06-2025,TATAPOWER.NS,399.3999939
17-06-2025,TATAPOWER.NS,396.0499878
18-06-2025,TATAPOWER.NS,393.3999939
19-06-2025,TATAPOWER.NS,384.5499878
20-06-2025,TATAPOWER.NS,390.1000061
23-06-2025,TATAPOWER.NS,393
24-06-2025,TATAPOWER.NS,398.4500122
25-06-2025,TATAPOWER.NS,403.0499878
26-06-2025,TATAPOWER.NS,405.6499939
27-06-2025,TATAPOWER.NS,408.8500061
30-06-2025,TATAPOWER.NS,405.4500122
01-07-2025,TATAPOWER.NS,406.5499878
02-07-2025,TATAPOWER.NS,406.6499939
03-07-2025,TATAPOWER.NS,399.8999939
04-07-2025,TATAPOWER.NS,401
07-07-2025,TATAPOWER.NS,401.2000122
08-07-2025,TATAPOWER.NS,400.8500061
09-07-2025,TATAPOWER.NS,400.6499939
10-07-2025,TATAPOWER.NS,399.8999939
11-07-2025,TATAPOWER.NS,396.8500061
14-07-2025,TATAPOWER.NS,402.5499878
15-07-2025,TATAPOWER.NS,403.8999939
16-07-2025,TATAPOWER.NS,414.7000122
17-07-2025,TATAPOWER.NS,413.4500122
18-07-2025,TATAPOWER.NS,407.8999939
21-07-2025,TATAPOWER.NS,401.8500061
22-07-2025,TATAPOWER.NS,399.1499939
23-07-2025,TATAPOWER.NS,402.5
24-07-2025,TATAPOWER.NS,400.7000122
25-07-2025,TATAPOWER.NS,395.3500061
28-07-2025,TATAPOWER.NS,399.2000122
29-07-2025,TATAPOWER.NS,399.8500061
30-07-2025,TATAPOWER.NS,401.3500061
31-07-2025,TATAPOWER.NS,397.75
01-08-2025,TATAPOWER.NS,389.2999878
04-08-2025,TATAPOWER.NS,387.1000061
05-08-2025,TATAPOWER.NS,385.5499878
06-08-2025,TATAPOWER.NS,385.5499878
07-08-2025,TATAPOWER.NS,385.5499878
08-08-2025,TATAPOWER.NS,378.7999878
11-08-2025,TATAPOWER.NS,384.2999878
12-08-2025,TATAPOWER.NS,384.4500122
13-08-2025,TATAPOWER.NS,387.2000122
14-08-2025,TATAPOWER.NS,385.2999878
18-08-2025,TATAPOWER.NS,387.2999878
19-08-2025,TATAPOWER.NS,389.1499939
20-08-2025,TATAPOWER.NS,390.5499878
21-08-2025,TATAPOWER.NS,388.0499878
22-08-2025,TATAPOWER.NS,385.6000061
25-08-2025,TATAPOWER.NS,383.25
26-08-2025,TATAPOWER.NS,377.75
27-02-2025,ICICIBANK.NS,1222.449951
28-02-2025,ICICIBANK.NS,1204.099976
03-03-2025,ICICIBANK.NS,1206.199951
04-03-2025,ICICIBANK.NS,1210.400024
05-03-2025,ICICIBANK.NS,1215.699951
06-03-2025,ICICIBANK.NS,1218.050049
07-03-2025,ICICIBANK.NS,1214.550049
10-03-2025,ICICIBANK.NS,1214.849976
11-03-2025,ICICIBANK.NS,1245.400024
12-03-2025,ICICIBANK.NS,1243.949951
13-03-2025,ICICIBANK.NS,1250.050049
17-03-2025,ICICIBANK.NS,1269
18-03-2025,ICICIBANK.NS,1269
19-03-2025,ICICIBANK.NS,1313.099976
20-03-2025,ICICIBANK.NS,1321.699951
21-03-2025,ICICIBANK.NS,1343.099976
24-03-2025,ICICIBANK.NS,1358.150024
25-03-2025,ICICIBANK.NS,1343.699951
26-03-2025,ICICIBANK.NS,1335.900024
27-03-2025,ICICIBANK.NS,1336.650024
28-03-2025,ICICIBANK.NS,1348.349976
01-04-2025,ICICIBANK.NS,1318.449951
02-04-2025,ICICIBANK.NS,1331.25
03-04-2025,ICICIBANK.NS,1329.550049
04-04-2025,ICICIBANK.NS,1335.300049
07-04-2025,ICICIBANK.NS,1287.550049
08-04-2025,ICICIBANK.NS,1299.900024
09-04-2025,ICICIBANK.NS,1300.800049
11-04-2025,ICICIBANK.NS,1311.650024
15-04-2025,ICICIBANK.NS,1350.199951
16-04-2025,ICICIBANK.NS,1356.400024
17-04-2025,ICICIBANK.NS,1406.699951
21-04-2025,ICICIBANK.NS,1409.800049
22-04-2025,ICICIBANK.NS,1416.5
23-04-2025,ICICIBANK.NS,1424.400024
24-04-2025,ICICIBANK.NS,1402.699951
25-04-2025,ICICIBANK.NS,1404.800049
28-04-2025,ICICIBANK.NS,1428.800049
29-04-2025,ICICIBANK.NS,1429.800049
30-04-2025,ICICIBANK.NS,1427
02-05-2025,ICICIBANK.NS,1430.099976
05-05-2025,ICICIBANK.NS,1429.400024
06-05-2025,ICICIBANK.NS,1431.599976
07-05-2025,ICICIBANK.NS,1435.400024
08-05-2025,ICICIBANK.NS,1435.5
09-05-2025,ICICIBANK.NS,1388.900024
12-05-2025,ICICIBANK.NS,1448.5
13-05-2025,ICICIBANK.NS,1430.599976
14-05-2025,ICICIBANK.NS,1426.199951
15-05-2025,ICICIBANK.NS,1450.800049
16-05-2025,ICICIBANK.NS,1454
19-05-2025,ICICIBANK.NS,1449
20-05-2025,ICICIBANK.NS,1438.199951
21-05-2025,ICICIBANK.NS,1444.699951
22-05-2025,ICICIBANK.NS,1442.099976
23-05-2025,ICICIBANK.NS,1449.800049
26-05-2025,ICICIBANK.NS,1460.599976
27-05-2025,ICICIBANK.NS,1446.400024
28-05-2025,ICICIBANK.NS,1453.800049
29-05-2025,ICICIBANK.NS,1456.5
30-05-2025,ICICIBANK.NS,1445.800049
02-06-2025,ICICIBANK.NS,1450.5
03-06-2025,ICICIBANK.NS,1437.900024
04-06-2025,ICICIBANK.NS,1431
05-06-2025,ICICIBANK.NS,1454.800049
06-06-2025,ICICIBANK.NS,1459.699951
09-06-2025,ICICIBANK.NS,1434.800049
10-06-2025,ICICIBANK.NS,1422.900024
11-06-2025,ICICIBANK.NS,1431
12-06-2025,ICICIBANK.NS,1425.199951
13-06-2025,ICICIBANK.NS,1416.099976
16-06-2025,ICICIBANK.NS,1426.900024
17-06-2025,ICICIBANK.NS,1423.199951
18-06-2025,ICICIBANK.NS,1412.599976
19-06-2025,ICICIBANK.NS,1411.300049
20-06-2025,ICICIBANK.NS,1427.099976
23-06-2025,ICICIBANK.NS,1420.099976
24-06-2025,ICICIBANK.NS,1424.099976
25-06-2025,ICICIBANK.NS,1425.800049
26-06-2025,ICICIBANK.NS,1439.099976
27-06-2025,ICICIBANK.NS,1462.199951
30-06-2025,ICICIBANK.NS,1445.800049
01-07-2025,ICICIBANK.NS,1432
02-07-2025,ICICIBANK.NS,1427.800049
03-07-2025,ICICIBANK.NS,1425.900024
04-07-2025,ICICIBANK.NS,1442.800049
07-07-2025,ICICIBANK.NS,1435.699951
08-07-2025,ICICIBANK.NS,1442
09-07-2025,ICICIBANK.NS,1431.900024
10-07-2025,ICICIBANK.NS,1424.099976
11-07-2025,ICICIBANK.NS,1421.900024
14-07-2025,ICICIBANK.NS,1423
15-07-2025,ICICIBANK.NS,1430.800049
16-07-2025,ICICIBANK.NS,1426.400024
17-07-2025,ICICIBANK.NS,1418.699951
18-07-2025,ICICIBANK.NS,1425.800049
21-07-2025,ICICIBANK.NS,1465.800049
22-07-2025,ICICIBANK.NS,1473.599976
23-07-2025,ICICIBANK.NS,1488.599976
24-07-2025,ICICIBANK.NS,1483.400024
25-07-2025,ICICIBANK.NS,1477.099976
28-07-2025,ICICIBANK.NS,1488.400024
29-07-2025,ICICIBANK.NS,1486.199951
30-07-2025,ICICIBANK.NS,1482.400024
31-07-2025,ICICIBANK.NS,1481.400024
01-08-2025,ICICIBANK.NS,1471.599976
04-08-2025,ICICIBANK.NS,1463.199951
05-08-2025,ICICIBANK.NS,1444.400024
06-08-2025,ICICIBANK.NS,1443.599976
07-08-2025,ICICIBANK.NS,1440.300049
08-08-2025,ICICIBANK.NS,1435.900024
11-08-2025,ICICIBANK.NS,1436.599976
12-08-2025,ICICIBANK.NS,1422
13-08-2025,ICICIBANK.NS,1420.800049
14-08-2025,ICICIBANK.NS,1427.300049
18-08-2025,ICICIBANK.NS,1434.599976
19-08-2025,ICICIBANK.NS,1436.300049
20-08-2025,ICICIBANK.NS,1430.599976
21-08-2025,ICICIBANK.NS,1446
22-08-2025,ICICIBANK.NS,1436.400024
25-08-2025,ICICIBANK.NS,1433.199951
26-08-2025,ICICIBANK.NS,1416.599976
27-02-2025,YESBANK.NS,17.36000061
28-02-2025,YESBANK.NS,16.75
03-03-2025,YESBANK.NS,16.30999947
04-03-2025,YESBANK.NS,16.34000015
05-03-2025,YESBANK.NS,16.92000008
06-03-2025,YESBANK.NS,16.97999954
07-03-2025,YESBANK.NS,16.87999916
10-03-2025,YESBANK.NS,16.52000046
11-03-2025,YESBANK.NS,16.37000084
12-03-2025,YESBANK.NS,16.14999962
13-03-2025,YESBANK.NS,16.19000053
17-03-2025,YESBANK.NS,16.11000061
18-03-2025,YESBANK.NS,16.11000061
19-03-2025,YESBANK.NS,17.03000069
20-03-2025,YESBANK.NS,16.94000053
21-03-2025,YESBANK.NS,17.17000008
24-03-2025,YESBANK.NS,17.43000031
25-03-2025,YESBANK.NS,17.03000069
26-03-2025,YESBANK.NS,16.95999908
27-03-2025,YESBANK.NS,17.26000023
28-03-2025,YESBANK.NS,16.87999916
01-04-2025,YESBANK.NS,17.32999992
02-04-2025,YESBANK.NS,17.39999962
03-04-2025,YESBANK.NS,17.95000076
04-04-2025,YESBANK.NS,17.19000053
07-04-2025,YESBANK.NS,16.85000038
08-04-2025,YESBANK.NS,17.17000008
09-04-2025,YESBANK.NS,17.15999985
11-04-2025,YESBANK.NS,17.14999962
15-04-2025,YESBANK.NS,17.52000046
16-04-2025,YESBANK.NS,17.87000084
17-04-2025,YESBANK.NS,18.09000015
21-04-2025,YESBANK.NS,18.81999969
22-04-2025,YESBANK.NS,18.69000053
23-04-2025,YESBANK.NS,18.42000008
24-04-2025,YESBANK.NS,18.43000031
25-04-2025,YESBANK.NS,17.77000046
28-04-2025,YESBANK.NS,18.09000015
29-04-2025,YESBANK.NS,17.98999977
30-04-2025,YESBANK.NS,17.71999931
02-05-2025,YESBANK.NS,17.71999931
05-05-2025,YESBANK.NS,17.72999954
06-05-2025,YESBANK.NS,17.93000031
07-05-2025,YESBANK.NS,18.27000046
08-05-2025,YESBANK.NS,18.22999954
09-05-2025,YESBANK.NS,20.02000046
12-05-2025,YESBANK.NS,20.40999985
13-05-2025,YESBANK.NS,20.87000084
14-05-2025,YESBANK.NS,20.95999908
15-05-2025,YESBANK.NS,21.51000023
16-05-2025,YESBANK.NS,21.54999924
19-05-2025,YESBANK.NS,21.20000076
20-05-2025,YESBANK.NS,20.81999969
21-05-2025,YESBANK.NS,20.97999954
22-05-2025,YESBANK.NS,20.96999931
23-05-2025,YESBANK.NS,21.14999962
26-05-2025,YESBANK.NS,20.98999977
27-05-2025,YESBANK.NS,21.12999916
28-05-2025,YESBANK.NS,21.11000061
29-05-2025,YESBANK.NS,21.30999947
30-05-2025,YESBANK.NS,21.47999954
02-06-2025,YESBANK.NS,23.28000069
03-06-2025,YESBANK.NS,20.86000061
04-06-2025,YESBANK.NS,21.13999939
05-06-2025,YESBANK.NS,20.93000031
06-06-2025,YESBANK.NS,20.85000038
09-06-2025,YESBANK.NS,21.02000046
10-06-2025,YESBANK.NS,20.82999992
11-06-2025,YESBANK.NS,20.70999908
12-06-2025,YESBANK.NS,20.42000008
13-06-2025,YESBANK.NS,20.15999985
16-06-2025,YESBANK.NS,20.23999977
17-06-2025,YESBANK.NS,19.94000053
18-06-2025,YESBANK.NS,19.88999939
19-06-2025,YESBANK.NS,19.40999985
20-06-2025,YESBANK.NS,19.72999954
23-06-2025,YESBANK.NS,19.87999916
24-06-2025,YESBANK.NS,19.96999931
25-06-2025,YESBANK.NS,20.22999954
26-06-2025,YESBANK.NS,20.07999992
27-06-2025,YESBANK.NS,20.18000031
30-06-2025,YESBANK.NS,20.34000015
01-07-2025,YESBANK.NS,20.43000031
02-07-2025,YESBANK.NS,20.28000069
03-07-2025,YESBANK.NS,20.14999962
04-07-2025,YESBANK.NS,20.04999924
07-07-2025,YESBANK.NS,20
08-07-2025,YESBANK.NS,20
09-07-2025,YESBANK.NS,19.90999985
10-07-2025,YESBANK.NS,19.80999947
11-07-2025,YESBANK.NS,19.65999985
14-07-2025,YESBANK.NS,19.98999977
15-07-2025,YESBANK.NS,20.45999908
16-07-2025,YESBANK.NS,20.23999977
17-07-2025,YESBANK.NS,20.13999939
18-07-2025,YESBANK.NS,20.17000008
21-07-2025,YESBANK.NS,20.15999985
22-07-2025,YESBANK.NS,19.98999977
23-07-2025,YESBANK.NS,19.89999962
24-07-2025,YESBANK.NS,20.01000023
25-07-2025,YESBANK.NS,19.60000038
28-07-2025,YESBANK.NS,19.32999992
29-07-2025,YESBANK.NS,19.39999962
30-07-2025,YESBANK.NS,19.21999931
31-07-2025,YESBANK.NS,18.92000008
01-08-2025,YESBANK.NS,18.60000038
04-08-2025,YESBANK.NS,18.88999939
05-08-2025,YESBANK.NS,18.86000061
06-08-2025,YESBANK.NS,18.72999954
07-08-2025,YESBANK.NS,18.77000046
08-08-2025,YESBANK.NS,18.54000092
11-08-2025,YESBANK.NS,18.77000046
12-08-2025,YESBANK.NS,18.71999931
13-08-2025,YESBANK.NS,18.82999992
14-08-2025,YESBANK.NS,18.78000069
18-08-2025,YESBANK.NS,19.09000015
19-08-2025,YESBANK.NS,19.35000038
20-08-2025,YESBANK.NS,19.36000061
21-08-2025,YESBANK.NS,19.43000031
22-08-2025,YESBANK.NS,19.28000069
25-08-2025,YESBANK.NS,19.54999924
26-08-2025,YESBANK.NS,18.95000076
27-02-2025,KOTAKBANK.NS,1947.550049
28-02-2025,KOTAKBANK.NS,1902.949951
03-03-2025,KOTAKBANK.NS,1914.599976
04-03-2025,KOTAKBANK.NS,1907.800049
05-03-2025,KOTAKBANK.NS,1933.099976
06-03-2025,KOTAKBANK.NS,1921.699951
07-03-2025,KOTAKBANK.NS,1935.400024
10-03-2025,KOTAKBANK.NS,1921.75
11-03-2025,KOTAKBANK.NS,1935.199951
12-03-2025,KOTAKBANK.NS,1982.550049
13-03-2025,KOTAKBANK.NS,1985.099976
17-03-2025,KOTAKBANK.NS,1993.099976
18-03-2025,KOTAKBANK.NS,1993.099976
19-03-2025,KOTAKBANK.NS,2021.550049
20-03-2025,KOTAKBANK.NS,2035.650024
21-03-2025,KOTAKBANK.NS,2079
24-03-2025,KOTAKBANK.NS,2176.149902
25-03-2025,KOTAKBANK.NS,2170
26-03-2025,KOTAKBANK.NS,2144.899902
27-03-2025,KOTAKBANK.NS,2128.649902
28-03-2025,KOTAKBANK.NS,2171.199951
01-04-2025,KOTAKBANK.NS,2145.899902
02-04-2025,KOTAKBANK.NS,2154.600098
03-04-2025,KOTAKBANK.NS,2132.600098
04-04-2025,KOTAKBANK.NS,2131.949951
07-04-2025,KOTAKBANK.NS,2037.849976
08-04-2025,KOTAKBANK.NS,2055.149902
09-04-2025,KOTAKBANK.NS,2052.699951
11-04-2025,KOTAKBANK.NS,2111.199951
15-04-2025,KOTAKBANK.NS,2120.199951
16-04-2025,KOTAKBANK.NS,2123.399902
17-04-2025,KOTAKBANK.NS,2188.100098
21-04-2025,KOTAKBANK.NS,2241.399902
22-04-2025,KOTAKBANK.NS,2268.800049
23-04-2025,KOTAKBANK.NS,2227
24-04-2025,KOTAKBANK.NS,2223
25-04-2025,KOTAKBANK.NS,2204.399902
28-04-2025,KOTAKBANK.NS,2225.600098
29-04-2025,KOTAKBANK.NS,2205
30-04-2025,KOTAKBANK.NS,2208.100098
02-05-2025,KOTAKBANK.NS,2181.699951
05-05-2025,KOTAKBANK.NS,2084.899902
06-05-2025,KOTAKBANK.NS,2074
07-05-2025,KOTAKBANK.NS,2094.899902
08-05-2025,KOTAKBANK.NS,2112.600098
09-05-2025,KOTAKBANK.NS,2103.100098
12-05-2025,KOTAKBANK.NS,2145
13-05-2025,KOTAKBANK.NS,2115.600098
14-05-2025,KOTAKBANK.NS,2092.399902
15-05-2025,KOTAKBANK.NS,2106.399902
16-05-2025,KOTAKBANK.NS,2108.199951
19-05-2025,KOTAKBANK.NS,2111.199951
20-05-2025,KOTAKBANK.NS,2090.100098
21-05-2025,KOTAKBANK.NS,2071.300049
22-05-2025,KOTAKBANK.NS,2065.800049
23-05-2025,KOTAKBANK.NS,2100.800049
26-05-2025,KOTAKBANK.NS,2089.300049
27-05-2025,KOTAKBANK.NS,2077.399902
28-05-2025,KOTAKBANK.NS,2074.300049
29-05-2025,KOTAKBANK.NS,2081.600098
30-05-2025,KOTAKBANK.NS,2074.699951
02-06-2025,KOTAKBANK.NS,2063.600098
03-06-2025,KOTAKBANK.NS,2044.5
04-06-2025,KOTAKBANK.NS,2046.300049
05-06-2025,KOTAKBANK.NS,2039.900024
06-06-2025,KOTAKBANK.NS,2073.399902
09-06-2025,KOTAKBANK.NS,2138.199951
10-06-2025,KOTAKBANK.NS,2151.100098
11-06-2025,KOTAKBANK.NS,2145.300049
12-06-2025,KOTAKBANK.NS,2126.800049
13-06-2025,KOTAKBANK.NS,2107.399902
16-06-2025,KOTAKBANK.NS,2139
17-06-2025,KOTAKBANK.NS,2136.800049
18-06-2025,KOTAKBANK.NS,2132.399902
19-06-2025,KOTAKBANK.NS,2146.399902
20-06-2025,KOTAKBANK.NS,2169.800049
23-06-2025,KOTAKBANK.NS,2184.100098
24-06-2025,KOTAKBANK.NS,2223.600098
25-06-2025,KOTAKBANK.NS,2198.300049
26-06-2025,KOTAKBANK.NS,2203.899902
27-06-2025,KOTAKBANK.NS,2207.899902
30-06-2025,KOTAKBANK.NS,2163.5
01-07-2025,KOTAKBANK.NS,2183.600098
02-07-2025,KOTAKBANK.NS,2169.100098
03-07-2025,KOTAKBANK.NS,2126.600098
04-07-2025,KOTAKBANK.NS,2129.800049
07-07-2025,KOTAKBANK.NS,2149.800049
08-07-2025,KOTAKBANK.NS,2224.5
09-07-2025,KOTAKBANK.NS,2229.300049
10-07-2025,KOTAKBANK.NS,2203.800049
11-07-2025,KOTAKBANK.NS,2220.600098
14-07-2025,KOTAKBANK.NS,2203.800049
15-07-2025,KOTAKBANK.NS,2188.100098
16-07-2025,KOTAKBANK.NS,2179.399902
17-07-2025,KOTAKBANK.NS,2170.800049
18-07-2025,KOTAKBANK.NS,2140.5
21-07-2025,KOTAKBANK.NS,2165.199951
22-07-2025,KOTAKBANK.NS,2160.199951
23-07-2025,KOTAKBANK.NS,2170.399902
24-07-2025,KOTAKBANK.NS,2142.100098
25-07-2025,KOTAKBANK.NS,2124.600098
28-07-2025,KOTAKBANK.NS,1966.599976
29-07-2025,KOTAKBANK.NS,1972.699951
30-07-2025,KOTAKBANK.NS,1959.699951
31-07-2025,KOTAKBANK.NS,1978.599976
01-08-2025,KOTAKBANK.NS,1992.400024
04-08-2025,KOTAKBANK.NS,1997
05-08-2025,KOTAKBANK.NS,2003
06-08-2025,KOTAKBANK.NS,2002.400024
07-08-2025,KOTAKBANK.NS,1992.099976
08-08-2025,KOTAKBANK.NS,1952.699951
11-08-2025,KOTAKBANK.NS,1975.900024
12-08-2025,KOTAKBANK.NS,1959
13-08-2025,KOTAKBANK.NS,1987.699951
14-08-2025,KOTAKBANK.NS,1978.199951
18-08-2025,KOTAKBANK.NS,2001.400024
19-08-2025,KOTAKBANK.NS,2029.900024
20-08-2025,KOTAKBANK.NS,2017.5
21-08-2025,KOTAKBANK.NS,2017.800049
22-08-2025,KOTAKBANK.NS,1986.599976
25-08-2025,KOTAKBANK.NS,1983.300049
26-08-2025,KOTAKBANK.NS,1965.699951
27-02-2025,AXISBANK.NS,1016.700012
28-02-2025,AXISBANK.NS,1015.549988
03-03-2025,AXISBANK.NS,1007.25
04-03-2025,AXISBANK.NS,1001.799988
05-03-2025,AXISBANK.NS,1014.450012
06-03-2025,AXISBANK.NS,1034.099976
07-03-2025,AXISBANK.NS,1037.650024
10-03-2025,AXISBANK.NS,1035.849976
11-03-2025,AXISBANK.NS,1025.650024
12-03-2025,AXISBANK.NS,1011.200012
13-03-2025,AXISBANK.NS,1010.200012
17-03-2025,AXISBANK.NS,1034.150024
18-03-2025,AXISBANK.NS,1034.150024
19-03-2025,AXISBANK.NS,1052.050049
20-03-2025,AXISBANK.NS,1054.349976
21-03-2025,AXISBANK.NS,1070.150024
24-03-2025,AXISBANK.NS,1097.849976
25-03-2025,AXISBANK.NS,1118.550049
26-03-2025,AXISBANK.NS,1096.25
27-03-2025,AXISBANK.NS,1098.349976
28-03-2025,AXISBANK.NS,1102
01-04-2025,AXISBANK.NS,1085.599976
02-04-2025,AXISBANK.NS,1084.449951
03-04-2025,AXISBANK.NS,1089.849976
04-04-2025,AXISBANK.NS,1091.300049
07-04-2025,AXISBANK.NS,1047.949951
08-04-2025,AXISBANK.NS,1077.849976
09-04-2025,AXISBANK.NS,1061.650024
11-04-2025,AXISBANK.NS,1068.949951
15-04-2025,AXISBANK.NS,1112.800049
16-04-2025,AXISBANK.NS,1161.300049
17-04-2025,AXISBANK.NS,1190.800049
21-04-2025,AXISBANK.NS,1223
22-04-2025,AXISBANK.NS,1216.800049
23-04-2025,AXISBANK.NS,1206.900024
24-04-2025,AXISBANK.NS,1207.099976
25-04-2025,AXISBANK.NS,1166.300049
28-04-2025,AXISBANK.NS,1192.800049
29-04-2025,AXISBANK.NS,1187.300049
30-04-2025,AXISBANK.NS,1185
02-05-2025,AXISBANK.NS,1183.400024
05-05-2025,AXISBANK.NS,1173.199951
06-05-2025,AXISBANK.NS,1161.400024
07-05-2025,AXISBANK.NS,1161.300049
08-05-2025,AXISBANK.NS,1172.199951
09-05-2025,AXISBANK.NS,1151.099976
12-05-2025,AXISBANK.NS,1203
13-05-2025,AXISBANK.NS,1193.599976
14-05-2025,AXISBANK.NS,1195.5
15-05-2025,AXISBANK.NS,1209.099976
16-05-2025,AXISBANK.NS,1208.800049
19-05-2025,AXISBANK.NS,1202.800049
20-05-2025,AXISBANK.NS,1195.800049
21-05-2025,AXISBANK.NS,1197.800049
22-05-2025,AXISBANK.NS,1188.5
23-05-2025,AXISBANK.NS,1210.099976
26-05-2025,AXISBANK.NS,1215.199951
27-05-2025,AXISBANK.NS,1195.599976
28-05-2025,AXISBANK.NS,1194.699951
29-05-2025,AXISBANK.NS,1201.699951
30-05-2025,AXISBANK.NS,1192.199951
02-06-2025,AXISBANK.NS,1194.400024
03-06-2025,AXISBANK.NS,1181.5
04-06-2025,AXISBANK.NS,1171
05-06-2025,AXISBANK.NS,1159
06-06-2025,AXISBANK.NS,1194.599976
09-06-2025,AXISBANK.NS,1219.900024
10-06-2025,AXISBANK.NS,1232.800049
11-06-2025,AXISBANK.NS,1231.400024
12-06-2025,AXISBANK.NS,1212.900024
13-06-2025,AXISBANK.NS,1205.800049
16-06-2025,AXISBANK.NS,1215.400024
17-06-2025,AXISBANK.NS,1215.099976
18-06-2025,AXISBANK.NS,1221
19-06-2025,AXISBANK.NS,1217.5
20-06-2025,AXISBANK.NS,1220.699951
23-06-2025,AXISBANK.NS,1214.099976
24-06-2025,AXISBANK.NS,1221.199951
25-06-2025,AXISBANK.NS,1213.300049
26-06-2025,AXISBANK.NS,1233.5
27-06-2025,AXISBANK.NS,1225.099976
30-06-2025,AXISBANK.NS,1199.199951
01-07-2025,AXISBANK.NS,1173.300049
02-07-2025,AXISBANK.NS,1175.300049
03-07-2025,AXISBANK.NS,1171.099976
04-07-2025,AXISBANK.NS,1177.599976
07-07-2025,AXISBANK.NS,1175.099976
08-07-2025,AXISBANK.NS,1165.400024
09-07-2025,AXISBANK.NS,1164.699951
10-07-2025,AXISBANK.NS,1164.300049
11-07-2025,AXISBANK.NS,1173.800049
14-07-2025,AXISBANK.NS,1172.699951
15-07-2025,AXISBANK.NS,1165.900024
16-07-2025,AXISBANK.NS,1168.400024
17-07-2025,AXISBANK.NS,1159.800049
18-07-2025,AXISBANK.NS,1099.300049
21-07-2025,AXISBANK.NS,1099.599976
22-07-2025,AXISBANK.NS,1098
23-07-2025,AXISBANK.NS,1104.800049
24-07-2025,AXISBANK.NS,1095.099976
25-07-2025,AXISBANK.NS,1086.099976
28-07-2025,AXISBANK.NS,1073.599976
29-07-2025,AXISBANK.NS,1064.199951
30-07-2025,AXISBANK.NS,1073.300049
31-07-2025,AXISBANK.NS,1068.400024
01-08-2025,AXISBANK.NS,1062.400024
04-08-2025,AXISBANK.NS,1068.599976
05-08-2025,AXISBANK.NS,1070.800049
06-08-2025,AXISBANK.NS,1071
07-08-2025,AXISBANK.NS,1076.199951
08-08-2025,AXISBANK.NS,1058.099976
11-08-2025,AXISBANK.NS,1073.300049
12-08-2025,AXISBANK.NS,1070
13-08-2025,AXISBANK.NS,1066
14-08-2025,AXISBANK.NS,1068.199951
18-08-2025,AXISBANK.NS,1082.599976
19-08-2025,AXISBANK.NS,1083.199951
20-08-2025,AXISBANK.NS,1080.199951
21-08-2025,AXISBANK.NS,1078.900024
22-08-2025,AXISBANK.NS,1070.900024
25-08-2025,AXISBANK.NS,1070
26-08-2025,AXISBANK.NS,1050.099976
27-02-2025,INDUSINDBK.NS,1046.699951
28-02-2025,INDUSINDBK.NS,990.0999756
03-03-2025,INDUSINDBK.NS,984
04-03-2025,INDUSINDBK.NS,987.5999756
05-03-2025,INDUSINDBK.NS,971.8499756
06-03-2025,INDUSINDBK.NS,971.7000122
07-03-2025,INDUSINDBK.NS,936.75
10-03-2025,INDUSINDBK.NS,900.5
11-03-2025,INDUSINDBK.NS,655.9500122
12-03-2025,INDUSINDBK.NS,684.7000122
13-03-2025,INDUSINDBK.NS,672.3499756
17-03-2025,INDUSINDBK.NS,677.4000244
18-03-2025,INDUSINDBK.NS,677.4000244
19-03-2025,INDUSINDBK.NS,692.7000122
20-03-2025,INDUSINDBK.NS,684.0999756
21-03-2025,INDUSINDBK.NS,686.9000244
24-03-2025,INDUSINDBK.NS,669.4500122
25-03-2025,INDUSINDBK.NS,637.0499878
26-03-2025,INDUSINDBK.NS,655.2999878
27-03-2025,INDUSINDBK.NS,673.5499878
28-03-2025,INDUSINDBK.NS,649.8499756
01-04-2025,INDUSINDBK.NS,682.7000122
02-04-2025,INDUSINDBK.NS,702.4500122
03-04-2025,INDUSINDBK.NS,709.4000244
04-04-2025,INDUSINDBK.NS,682
07-04-2025,INDUSINDBK.NS,675.9000244
08-04-2025,INDUSINDBK.NS,679.6500244
09-04-2025,INDUSINDBK.NS,678.5499878
11-04-2025,INDUSINDBK.NS,689.5
15-04-2025,INDUSINDBK.NS,735.9000244
16-04-2025,INDUSINDBK.NS,788.25
17-04-2025,INDUSINDBK.NS,794.7000122
21-04-2025,INDUSINDBK.NS,828.2000122
22-04-2025,INDUSINDBK.NS,787.5
23-04-2025,INDUSINDBK.NS,794.2000122
24-04-2025,INDUSINDBK.NS,819.75
25-04-2025,INDUSINDBK.NS,822.3499756
28-04-2025,INDUSINDBK.NS,830.5499878
29-04-2025,INDUSINDBK.NS,836.9500122
30-04-2025,INDUSINDBK.NS,838.4000244
02-05-2025,INDUSINDBK.NS,856.4500122
05-05-2025,INDUSINDBK.NS,846.75
06-05-2025,INDUSINDBK.NS,831.7999878
07-05-2025,INDUSINDBK.NS,833.7999878
08-05-2025,INDUSINDBK.NS,826.7999878
09-05-2025,INDUSINDBK.NS,818.2000122
12-05-2025,INDUSINDBK.NS,788.5
13-05-2025,INDUSINDBK.NS,770.0999756
14-05-2025,INDUSINDBK.NS,781.3499756
15-05-2025,INDUSINDBK.NS,780.5
16-05-2025,INDUSINDBK.NS,780.2000122
19-05-2025,INDUSINDBK.NS,784.0499878
20-05-2025,INDUSINDBK.NS,782.25
21-05-2025,INDUSINDBK.NS,769.9500122
22-05-2025,INDUSINDBK.NS,785
23-05-2025,INDUSINDBK.NS,793.4000244
26-05-2025,INDUSINDBK.NS,800.0999756
27-05-2025,INDUSINDBK.NS,820.7000122
28-05-2025,INDUSINDBK.NS,805.1500244
29-05-2025,INDUSINDBK.NS,824.1500244
30-05-2025,INDUSINDBK.NS,816.9500122
02-06-2025,INDUSINDBK.NS,812.7000122
03-06-2025,INDUSINDBK.NS,800.8499756
04-06-2025,INDUSINDBK.NS,814.3499756
05-06-2025,INDUSINDBK.NS,803.2000122
06-06-2025,INDUSINDBK.NS,822.8499756
09-06-2025,INDUSINDBK.NS,836.6500244
10-06-2025,INDUSINDBK.NS,845.0499878
11-06-2025,INDUSINDBK.NS,836.2999878
12-06-2025,INDUSINDBK.NS,829.9000244
13-06-2025,INDUSINDBK.NS,816.8499756
16-06-2025,INDUSINDBK.NS,821.25
17-06-2025,INDUSINDBK.NS,809.1500244
18-06-2025,INDUSINDBK.NS,850.5
19-06-2025,INDUSINDBK.NS,837.5
20-06-2025,INDUSINDBK.NS,840.25
23-06-2025,INDUSINDBK.NS,839.9000244
24-06-2025,INDUSINDBK.NS,831.9500122
25-06-2025,INDUSINDBK.NS,829.7999878
26-06-2025,INDUSINDBK.NS,836.0999756
27-06-2025,INDUSINDBK.NS,857.7000122
30-06-2025,INDUSINDBK.NS,872.0999756
01-07-2025,INDUSINDBK.NS,879.0999756
02-07-2025,INDUSINDBK.NS,857.6500244
03-07-2025,INDUSINDBK.NS,862.4000244
04-07-2025,INDUSINDBK.NS,856.25
07-07-2025,INDUSINDBK.NS,854.4500122
08-07-2025,INDUSINDBK.NS,850.2999878
09-07-2025,INDUSINDBK.NS,840.75
10-07-2025,INDUSINDBK.NS,852.8499756
11-07-2025,INDUSINDBK.NS,858.8499756
14-07-2025,INDUSINDBK.NS,867.5999756
15-07-2025,INDUSINDBK.NS,881
16-07-2025,INDUSINDBK.NS,879.75
17-07-2025,INDUSINDBK.NS,865.0999756
18-07-2025,INDUSINDBK.NS,870.0499878
21-07-2025,INDUSINDBK.NS,858.7999878
22-07-2025,INDUSINDBK.NS,843.2000122
23-07-2025,INDUSINDBK.NS,851.1500244
24-07-2025,INDUSINDBK.NS,847.9000244
25-07-2025,INDUSINDBK.NS,823.7000122
28-07-2025,INDUSINDBK.NS,802.0499878
29-07-2025,INDUSINDBK.NS,808.2000122
30-07-2025,INDUSINDBK.NS,801.9000244
31-07-2025,INDUSINDBK.NS,798.9000244
01-08-2025,INDUSINDBK.NS,783.7000122
04-08-2025,INDUSINDBK.NS,804.0499878
05-08-2025,INDUSINDBK.NS,819.1500244
06-08-2025,INDUSINDBK.NS,803.3499756
07-08-2025,INDUSINDBK.NS,807.3499756
08-08-2025,INDUSINDBK.NS,782.4500122
11-08-2025,INDUSINDBK.NS,783.25
12-08-2025,INDUSINDBK.NS,783.0499878
13-08-2025,INDUSINDBK.NS,773.4500122
14-08-2025,INDUSINDBK.NS,769.75
18-08-2025,INDUSINDBK.NS,788.6500244
19-08-2025,INDUSINDBK.NS,785.5
20-08-2025,INDUSINDBK.NS,778.2000122
21-08-2025,INDUSINDBK.NS,767.4500122
22-08-2025,INDUSINDBK.NS,760.0999756
25-08-2025,INDUSINDBK.NS,770.8499756
26-08-2025,INDUSINDBK.NS,756.4000244
27-02-2025,SBIN.NS,703.9000244
28-02-2025,SBIN.NS,688.7999878
03-03-2025,SBIN.NS,695.2999878
04-03-2025,SBIN.NS,716.0499878
05-03-2025,SBIN.NS,730.3499756
06-03-2025,SBIN.NS,732.0499878
07-03-2025,SBIN.NS,732.75
10-03-2025,SBIN.NS,728.9000244
11-03-2025,SBIN.NS,729.8499756
12-03-2025,SBIN.NS,723.0499878
13-03-2025,SBIN.NS,727.8499756
17-03-2025,SBIN.NS,723.1500244
18-03-2025,SBIN.NS,723.1500244
19-03-2025,SBIN.NS,745.0999756
20-03-2025,SBIN.NS,749.5499878
21-03-2025,SBIN.NS,753.2000122
24-03-2025,SBIN.NS,780.7999878
25-03-2025,SBIN.NS,772.8499756
26-03-2025,SBIN.NS,764
27-03-2025,SBIN.NS,772.2999878
28-03-2025,SBIN.NS,771.5
01-04-2025,SBIN.NS,771.7000122
02-04-2025,SBIN.NS,775.9500122
03-04-2025,SBIN.NS,779.2000122
04-04-2025,SBIN.NS,767.4500122
07-04-2025,SBIN.NS,746.9000244
08-04-2025,SBIN.NS,768.5999756
09-04-2025,SBIN.NS,742.2000122
11-04-2025,SBIN.NS,753.8499756
15-04-2025,SBIN.NS,763.5
16-04-2025,SBIN.NS,771.75
17-04-2025,SBIN.NS,797.4500122
21-04-2025,SBIN.NS,816.7000122
22-04-2025,SBIN.NS,822.4000244
23-04-2025,SBIN.NS,813.4500122
24-04-2025,SBIN.NS,813.4000244
25-04-2025,SBIN.NS,798.6500244
28-04-2025,SBIN.NS,817.3499756
29-04-2025,SBIN.NS,812.5499878
30-04-2025,SBIN.NS,788.6500244
02-05-2025,SBIN.NS,796.7000122
05-05-2025,SBIN.NS,790
06-05-2025,SBIN.NS,774.0999756
07-05-2025,SBIN.NS,776.0999756
08-05-2025,SBIN.NS,769
09-05-2025,SBIN.NS,779.25
12-05-2025,SBIN.NS,801.6500244
13-05-2025,SBIN.NS,801.75
14-05-2025,SBIN.NS,800.7000122
15-05-2025,SBIN.NS,807.75
16-05-2025,SBIN.NS,792.0999756
19-05-2025,SBIN.NS,795
20-05-2025,SBIN.NS,785.6500244
21-05-2025,SBIN.NS,787.0999756
22-05-2025,SBIN.NS,785.25
23-05-2025,SBIN.NS,790.5
26-05-2025,SBIN.NS,794.4000244
27-05-2025,SBIN.NS,793.7000122
28-05-2025,SBIN.NS,796.5499878
29-05-2025,SBIN.NS,797.3499756
30-05-2025,SBIN.NS,812.2999878
02-06-2025,SBIN.NS,813.6500244
03-06-2025,SBIN.NS,809.7999878
04-06-2025,SBIN.NS,806.5
05-06-2025,SBIN.NS,806
06-06-2025,SBIN.NS,813.0499878
09-06-2025,SBIN.NS,820.0499878
10-06-2025,SBIN.NS,817.0499878
11-06-2025,SBIN.NS,815.0499878
12-06-2025,SBIN.NS,805.9500122
13-06-2025,SBIN.NS,792.3499756
16-06-2025,SBIN.NS,792.5
17-06-2025,SBIN.NS,792.2999878
18-06-2025,SBIN.NS,791.9000244
19-06-2025,SBIN.NS,785.0999756
20-06-2025,SBIN.NS,796.1500244
23-06-2025,SBIN.NS,790.2000122
24-06-2025,SBIN.NS,795.4000244
25-06-2025,SBIN.NS,800.0499878
26-06-2025,SBIN.NS,797.0499878
27-06-2025,SBIN.NS,805.4000244
30-06-2025,SBIN.NS,820.3499756
01-07-2025,SBIN.NS,820.2999878
02-07-2025,SBIN.NS,812.9000244
03-07-2025,SBIN.NS,807.0999756
04-07-2025,SBIN.NS,811.8499756
07-07-2025,SBIN.NS,806.8499756
08-07-2025,SBIN.NS,812.6500244
09-07-2025,SBIN.NS,810.9500122
10-07-2025,SBIN.NS,808
11-07-2025,SBIN.NS,808.6500244
14-07-2025,SBIN.NS,808.8499756
15-07-2025,SBIN.NS,816.4500122
16-07-2025,SBIN.NS,831.7000122
17-07-2025,SBIN.NS,829
18-07-2025,SBIN.NS,823.3499756
21-07-2025,SBIN.NS,824.2000122
22-07-2025,SBIN.NS,815
23-07-2025,SBIN.NS,820.6500244
24-07-2025,SBIN.NS,815.7000122
25-07-2025,SBIN.NS,806.5499878
28-07-2025,SBIN.NS,797.1500244
29-07-2025,SBIN.NS,799.2000122
30-07-2025,SBIN.NS,801.6500244
31-07-2025,SBIN.NS,796.5499878
01-08-2025,SBIN.NS,794
04-08-2025,SBIN.NS,795.7000122
05-08-2025,SBIN.NS,800.5999756
06-08-2025,SBIN.NS,805.1500244
07-08-2025,SBIN.NS,805.1500244
08-08-2025,SBIN.NS,804.2999878
11-08-2025,SBIN.NS,823.4500122
12-08-2025,SBIN.NS,820.5999756
13-08-2025,SBIN.NS,821.8499756
14-08-2025,SBIN.NS,826.5499878
18-08-2025,SBIN.NS,827.6500244
19-08-2025,SBIN.NS,830.4000244
20-08-2025,SBIN.NS,828.9500122
21-08-2025,SBIN.NS,825.7000122
22-08-2025,SBIN.NS,816.25
25-08-2025,SBIN.NS,816.4500122
26-08-2025,SBIN.NS,807.8499756
